contributor_zip5,Sanders,Warren,winner,advantage,city,state,county,state_fips,county_fips,latitude,longitude
03820,6117.5,606,Sanders,5511.5,DOVER,NH,STRAFFORD,33,017,43.187031,-70.89452
89052,4867.4,3847.2,Sanders,1020.1999999999998,HENDERSON,NV,CLARK,32,003,35.981602,-115.113204
52246,4839.99,2227.8,Sanders,2612.1899999999996,IOWA CITY,IA,JOHNSON,19,103,41.651269,-91.609741
52403,4544.56,994.8199999999999,Sanders,3549.7400000000007,CEDAR RAPIDS,IA,LINN,19,113,41.973311,-91.576922
03301,4314.5,3274.58,Sanders,1039.92,CONCORD,NH,MERRIMACK,33,013,43.230539,-71.547977
89509,4211.74,2351.17,Sanders,1860.5699999999997,RENO,NV,WASHOE,32,031,39.497002,-119.828246
89178,3762,100,Sanders,3662,LAS VEGAS,NV,CLARK,32,003,36.026015,-115.280108
89149,3564.41,618.83,Sanders,2945.58,LAS VEGAS,NV,CLARK,32,003,36.27865,-115.286877
89147,3473.74,0,Sanders,3473.74,LAS VEGAS,NV,CLARK,32,003,36.11208,-115.279047
52240,3379.49,1439.66,Sanders,1939.8299999999997,IOWA CITY,IA,JOHNSON,19,103,41.642647,-91.541636
29229,3103.99,210.2,Sanders,2893.79,COLUMBIA,SC,RICHLAND,45,079,34.134982,-80.887256
03833,2982.7,2372.42,Sanders,610.2799999999997,EXETER,NH,ROCKINGHAM,33,015,42.961445,-70.987972
89135,2897,3384.19,Warren,487.19000000000005,LAS VEGAS,NV,CLARK,32,003,36.12114,-115.350771
89148,2834.6,478.99,Sanders,2355.6099999999997,LAS VEGAS,NV,CLARK,32,003,36.060255,-115.297232
52245,2827.19,2988.77,Warren,161.57999999999993,IOWA CITY,IA,JOHNSON,19,103,41.669005,-91.513853
29223,2770.09,225,Sanders,2545.09,COLUMBIA,SC,RICHLAND,45,079,34.063004,-80.85323
29072,2765.28,475,Sanders,2290.28,LEXINGTON,SC,LEXINGTON,45,063,33.988267,-81.283744
89014,2703.58,500,Sanders,2203.58,HENDERSON,NV,CLARK,32,003,36.058827,-115.057395
89146,2627.71,2320,Sanders,307.71000000000004,LAS VEGAS,NV,CLARK,32,003,36.142398,-115.22485
52556,2626.3,1103,Sanders,1523.3000000000002,FAIRFIELD,IA,JEFFERSON,19,101,41.024981,-91.921848
03801,2553.02,1375,Sanders,1178.02,PORTSMOUTH,NH,ROCKINGHAM,33,015,43.067485,-70.799837
50322,2428.38,141.93,Sanders,2286.4500000000003,URBANDALE,IA,POLK,19,153,41.632963,-93.737316
89118,2412.4,363,Sanders,2049.4,LAS VEGAS,NV,CLARK,32,003,36.0784,-115.21193
89128,2384.68,350,Sanders,2034.6799999999998,LAS VEGAS,NV,CLARK,32,003,36.197963,-115.265816
03603,2377,0,Sanders,2377,CHARLESTOWN,NH,SULLIVAN,33,019,43.247994,-72.376191
89123,2357.89,104,Sanders,2253.89,LAS VEGAS,NV,CLARK,32,003,36.035396,-115.149548
89074,2337.87,690,Sanders,1647.87,HENDERSON,NV,CLARK,32,003,36.031252,-115.073868
89119,2302.62,108,Sanders,2194.62,LAS VEGAS,NV,CLARK,32,003,36.089547,-115.149607
03104,2294.35,1211.18,Sanders,1083.1699999999998,MANCHESTER,NH,HILLSBOROUGH,33,011,43.015401,-71.436151
29464,2272.2,1142.14,Sanders,1130.0599999999997,MOUNT PLEASANT,SC,CHARLESTON,45,019,32.821494,-79.852362
89103,2237.07,425.2,Sanders,1811.8700000000001,LAS VEGAS,NV,CLARK,32,003,36.111646,-115.211941
89129,2230.79,882.5,Sanders,1348.29,LAS VEGAS,NV,CLARK,32,003,36.231018,-115.290188
29630,2200.47,0,Sanders,2200.47,CENTRAL,SC,PICKENS,45,077,34.733401,-82.797098
03458,2161.58,550,Sanders,1611.58,PETERBOROUGH,NH,HILLSBOROUGH,33,011,42.875234,-71.93973
29928,2061,1093.31,Sanders,967.69,HILTON HEAD ISLAND,SC,BEAUFORT,45,013,32.172838,-80.748747
29407,2060.31,560,Sanders,1500.31,CHARLESTON,SC,CHARLESTON,45,019,32.801241,-79.99479
29671,1998.8,110,Sanders,1888.8,PICKENS,SC,PICKENS,45,077,34.934924,-82.713315
52001,1954.91,105,Sanders,1849.91,DUBUQUE,IA,DUBUQUE,19,061,42.558964,-90.696098
52501,1887,0,Sanders,1887,OTTUMWA,IA,WAPELLO,19,179,41.030568,-92.411704
50309,1885.95,147.32,Sanders,1738.63,DES MOINES,IA,POLK,19,153,41.584779,-93.620799
89134,1880.9,1528,Sanders,352.9000000000001,LAS VEGAS,NV,CLARK,32,003,36.197818,-115.310378
03102,1844.56,299.58,Sanders,1544.98,MANCHESTER,NH,HILLSBOROUGH,33,011,43.007972,-71.494555
29611,1835,0,Sanders,1835,GREENVILLE,SC,GREENVILLE,45,045,34.832622,-82.457995
03060,1767.22,250,Sanders,1517.22,NASHUA,NH,HILLSBOROUGH,33,011,42.734521,-71.462396
50023,1736.22,519.38,Sanders,1216.8400000000001,ANKENY,IA,POLK,19,153,41.728558,-93.638369
03862,1725.54,228.56,Sanders,1496.98,NORTH HAMPTON,NH,ROCKINGHAM,33,015,42.979401,-70.829484
52722,1698.95,539.3,Sanders,1159.65,BETTENDORF,IA,SCOTT,19,163,41.565051,-90.455908
89503,1659.46,998.03,Sanders,661.4300000000001,RENO,NV,WASHOE,32,031,39.544546,-119.843924
89044,1604.14,350,Sanders,1254.14,HENDERSON,NV,CLARK,32,003,35.940321,-115.097277
03431,1594.4,400.98,Sanders,1193.42,KEENE,NH,CHESHIRE,33,005,42.976078,-72.276523
89403,1587.9,1675,Warren,87.09999999999991,DAYTON,NV,LYON,32,019,39.24384,-119.468096
03063,1572.76,125,Sanders,1447.76,NASHUA,NH,HILLSBOROUGH,33,011,42.771339,-71.52696
89436,1572.76,0,Sanders,1572.76,SPARKS,NV,WASHOE,32,031,39.606095,-119.704443
03462,1554,500,Sanders,1054,SPOFFORD,NH,CHESHIRE,33,005,42.892796,-72.403298
89145,1530.15,0,Sanders,1530.15,LAS VEGAS,NV,CLARK,32,003,36.170189,-115.283822
89141,1499.8,630,Sanders,869.8,LAS VEGAS,NV,CLARK,32,003,35.990387,-115.211564
89512,1436.11,1500,Warren,63.8900000000001,RENO,NV,WASHOE,32,031,39.554204,-119.801418
29201,1433.45,85,Sanders,1348.45,COLUMBIA,SC,RICHLAND,45,079,33.986628,-81.024826
50014,1432.55,1275,Sanders,157.54999999999995,AMES,IA,STORY,19,169,42.065736,-93.694387
89015,1422.49,0,Sanders,1422.49,HENDERSON,NV,CLARK,32,003,36.011129,-114.949676
50311,1405,121,Sanders,1284,DES MOINES,IA,POLK,19,153,41.601575,-93.684418
03303,1373,358.58,Sanders,1014.4200000000001,CONCORD,NH,MERRIMACK,33,013,43.301354,-71.677846
52358,1358.8,140,Sanders,1218.8,WEST BRANCH,IA,CEDAR,19,031,41.686972,-91.300744
89502,1354.89,225,Sanders,1129.89,RENO,NV,WASHOE,32,031,39.489562,-119.752051
89012,1353.79,918.2,Sanders,435.5899999999999,HENDERSON,NV,CLARK,32,003,36.008494,-115.039983
03785,1350,105,Sanders,1245,WOODSVILLE,NH,GRAFTON,33,009,44.083606,-71.900509
03281,1325.99,0,Sanders,1325.99,WEARE,NH,HILLSBOROUGH,33,011,43.08451,-71.72227
89139,1307.3,350,Sanders,957.3,LAS VEGAS,NV,CLARK,32,003,36.033466,-115.212051
89117,1288.94,128.5,Sanders,1160.44,LAS VEGAS,NV,CLARK,32,003,36.142384,-115.279341
29205,1258.1,2035.2,Warren,777.1000000000001,COLUMBIA,SC,RICHLAND,45,079,33.986024,-80.997468
50010,1232.82,950.22,Sanders,282.5999999999999,AMES,IA,STORY,19,169,42.030322,-93.585595
03755,1223.7,4898,Warren,3674.3,HANOVER,NH,GRAFTON,33,009,43.716069,-72.197482
52803,1203,0,Sanders,1203,DAVENPORT,IA,SCOTT,19,163,41.536654,-90.55302
89027,1202.8,75,Sanders,1127.8,MESQUITE,NV,CLARK,32,003,36.79552,-114.086822
03842,1184.48,291.56,Sanders,892.9200000000001,HAMPTON,NH,ROCKINGHAM,33,015,42.933704,-70.842691
89002,1175.39,0,Sanders,1175.39,HENDERSON,NV,CLARK,32,003,35.998478,-114.9589
52807,1170.82,0,Sanders,1170.82,DAVENPORT,IA,SCOTT,19,163,41.578178,-90.530681
03103,1168.74,364.27,Sanders,804.47,MANCHESTER,NH,HILLSBOROUGH,33,011,42.940893,-71.444068
89523,1168.65,743,Sanders,425.6500000000001,RENO,NV,WASHOE,32,031,39.537752,-119.918425
52732,1159.49,0,Sanders,1159.49,CLINTON,IA,CLINTON,19,045,41.908232,-90.265321
89130,1138.13,113.67,Sanders,1024.46,LAS VEGAS,NV,CLARK,32,003,36.247519,-115.236704
50315,1121.36,200,Sanders,921.3599999999999,DES MOINES,IA,POLK,19,153,41.547124,-93.620794
03784,1112,0,Sanders,1112,WEST LEBANON,NH,GRAFTON,33,009,43.645133,-72.293325
03086,1091,1102.79,Warren,11.789999999999964,WILTON,NH,HILLSBOROUGH,33,011,42.829678,-71.7757
03229,1081.58,2600,Warren,1518.42,CONTOOCOOK,NH,MERRIMACK,33,013,43.199734,-71.691493
03857,1072,327.13,Sanders,744.87,NEWMARKET,NH,ROCKINGHAM,33,015,43.068918,-70.951889
03304,1070.53,278,Sanders,792.53,BOW,NH,MERRIMACK,33,013,43.12911,-71.542444
03269,1052.4,250,Sanders,802.4000000000001,SANBORNTON,NH,BELKNAP,33,001,43.537378,-71.603022
50312,1052.02,1052.98,Warren,0.9600000000000364,DES MOINES,IA,POLK,19,153,41.578518,-93.67965
03743,1039.88,20,Sanders,1019.8800000000001,CLAREMONT,NH,SULLIVAN,33,019,43.346392,-72.32987
50036,1039.8,28,Sanders,1011.8,BOONE,IA,BOONE,19,015,42.087241,-93.853084
03221,1033.7,315.8,Sanders,717.9000000000001,BRADFORD,NH,MERRIMACK,33,013,43.23641,-71.960202
89703,1029.8,850,Sanders,179.79999999999995,CARSON CITY,NV,CARSON CITY,32,510,39.16416,-119.885661
89508,1011.7,271.5,Sanders,740.2,RENO,NV,WASHOE,32,031,39.801066,-119.887482
89448,1005.06,410,Sanders,595.06,ZEPHYR COVE,NV,DOUGLAS,32,005,39.027887,-119.919728
29579,1000.6,240,Sanders,760.6,MYRTLE BEACH,SC,HORRY,45,051,33.744235,-78.909453
29681,1000,0,Sanders,1000,SIMPSONVILLE,SC,GREENVILLE,45,045,34.767581,-82.221576
52241,996.58,865.03,Sanders,131.55000000000007,CORALVILLE,IA,JOHNSON,19,103,41.692814,-91.587516
29414,990.76,600,Sanders,390.76,CHARLESTON,SC,CHARLESTON,45,019,32.851119,-80.123542
29063,989.09,1000,Warren,10.909999999999968,IRMO,SC,RICHLAND,45,079,34.142575,-81.215952
03227,977.08,0,Sanders,977.08,CENTER SANDWICH,NH,CARROLL,33,003,43.834294,-71.447688
29501,974,0,Sanders,974,FLORENCE,SC,FLORENCE,45,041,34.213396,-79.820616
03038,966.4,0,Sanders,966.4,DERRY,NH,ROCKINGHAM,33,015,42.890934,-71.276314
03055,958.6800000000001,550,Sanders,408.68000000000006,MILFORD,NH,HILLSBOROUGH,33,011,42.819477,-71.667999
29576,952,0,Sanders,952,MURRELLS INLET,SC,HORRY,45,051,33.563028,-79.054258
89511,948.1,2128.03,Warren,1179.9300000000003,RENO,NV,WASHOE,32,031,39.368173,-119.871506
29405,944.66,462.92,Sanders,481.73999999999995,NORTH CHARLESTON,SC,CHARLESTON,45,019,32.85048,-79.982005
29803,940.51,0,Sanders,940.51,AIKEN,SC,AIKEN,45,003,33.449644,-81.69616
89102,937.7,300,Sanders,637.7,LAS VEGAS,NV,CLARK,32,003,36.142723,-115.180873
89011,899.3,0,Sanders,899.3,HENDERSON,NV,CLARK,32,003,36.1264,-114.961169
03224,895,0,Sanders,895,CANTERBURY,NH,MERRIMACK,33,013,43.354281,-71.552026
89521,889,1010,Warren,121,RENO,NV,WASHOE,32,031,39.385645,-119.686873
03766,878.3,0,Sanders,878.3,LEBANON,NH,GRAFTON,33,009,43.63502,-72.231933
29730,869.42,173.03,Sanders,696.39,ROCK HILL,SC,YORK,45,091,34.885711,-81.020911
03109,861.45,0,Sanders,861.45,MANCHESTER,NH,HILLSBOROUGH,33,011,42.969391,-71.404463
03773,858,175,Sanders,683,NEWPORT,NH,SULLIVAN,33,019,43.374889,-72.193528
50310,853.39,660,Sanders,193.39,DES MOINES,IA,POLK,19,153,41.628966,-93.661708
89701,847.9,0,Sanders,847.9,CARSON CITY,NV,CARSON CITY,32,510,39.148441,-119.662901
29412,846,950,Warren,104,CHARLESTON,SC,CHARLESTON,45,019,32.703819,-79.943079
89138,834,115,Sanders,719,LAS VEGAS,NV,CLARK,32,003,36.168458,-115.360754
89434,834,0,Sanders,834,SPARKS,NV,WASHOE,32,031,39.572635,-119.606574
29070,824.4,0,Sanders,824.4,LEESVILLE,SC,LEXINGTON,45,063,33.890334,-81.4308
03049,781.94,1204.33,Warren,422.3899999999999,HOLLIS,NH,HILLSBOROUGH,33,011,42.752872000000004,-71.583438
89104,780,1085.03,Warren,305.03,LAS VEGAS,NV,CLARK,32,003,36.151397,-115.10976
29016,767.26,410.91999999999996,Sanders,356.34000000000003,BLYTHEWOOD,SC,RICHLAND,45,079,34.197222,-80.995601
89113,764.8,578,Sanders,186.79999999999995,LAS VEGAS,NV,CLARK,32,003,36.060082,-115.26444
50703,762.36,0,Sanders,762.36,WATERLOO,IA,BLACK HAWK,19,013,42.555086,-92.257593
89120,753.69,0,Sanders,753.69,LAS VEGAS,NV,CLARK,32,003,36.076705,-115.089514
50158,747.5,0,Sanders,747.5,MARSHALLTOWN,IA,MARSHALL,19,127,42.054218,-92.931516
89005,738.3,150,Sanders,588.3,BOULDER CITY,NV,CLARK,32,003,35.92822,-114.832658
03824,738,875,Warren,137,DURHAM,NH,STRAFFORD,33,017,43.12217,-70.922457
03561,737,60,Sanders,677,LITTLETON,NH,GRAFTON,33,009,44.339116,-71.81258
50702,735,160,Sanders,575,WATERLOO,IA,BLACK HAWK,19,013,42.459504,-92.316012
89169,734,0,Sanders,734,LAS VEGAS,NV,CLARK,32,003,36.122534,-115.143863
52577,733.45,200,Sanders,533.45,OSKALOOSA,IA,MAHASKA,19,123,41.266174,-92.665158
52079,732,0,Sanders,732,ZWINGLE,IA,DUBUQUE,19,061,42.277576,-90.715634
50320,724.5,0,Sanders,724.5,DES MOINES,IA,POLK,19,153,41.531248,-93.575284
89183,721.83,0,Sanders,721.83,LAS VEGAS,NV,CLARK,32,003,35.987793,-115.148167
29710,721.74,200,Sanders,521.74,CLOVER,SC,YORK,45,091,35.073764,-81.204998
03264,720,150,Sanders,570,PLYMOUTH,NH,GRAFTON,33,009,43.721736,-71.684435
03574,713.5,275,Sanders,438.5,BETHLEHEM,NH,GRAFTON,33,009,44.252772,-71.603568
29206,708.1,1250,Warren,541.9,COLUMBIA,SC,RICHLAND,45,079,34.02538,-80.949031
50265,707.69,693.05,Sanders,14.6400000000001,WEST DES MOINES,IA,POLK,19,153,41.559734,-93.737968
89116,700,300,Sanders,400,LAS VEGAS,NV,CLARK,32,003,36.1753,-115.1364
51301,692,0,Sanders,692,SPENCER,IA,CLAY,19,041,43.136831,-95.151154
03244,687.42,0,Sanders,687.42,HILLSBOROUGH,NH,HILLSBOROUGH,33,011,43.119581,-71.929596
29526,675,200,Sanders,475,CONWAY,SC,HORRY,45,051,33.870176,-78.984769
89133,675,400,Sanders,275,LAS VEGAS,NV,CLARK,32,003,36.1753,-115.1364
52035,669.66,0,Sanders,669.66,COLESBURG,IA,DELAWARE,19,055,42.659932,-91.17969
03249,666.84,75,Sanders,591.84,GILFORD,NH,BELKNAP,33,001,43.56093,-71.358206
89107,663.9,0,Sanders,663.9,LAS VEGAS,NV,CLARK,32,003,36.170153,-115.208648
29605,662.5,0,Sanders,662.5,GREENVILLE,SC,GREENVILLE,45,045,34.777078,-82.377576
89410,652.45,250,Sanders,402.45000000000005,GARDNERVILLE,NV,DOUGLAS,32,005,38.786464,-119.578173
03031,652,250,Sanders,402,AMHERST,NH,HILLSBOROUGH,33,011,42.869612,-71.611033
03855,640,165,Sanders,475,NEW DURHAM,NH,STRAFFORD,33,017,43.464286,-71.144355
29601,639.9,800,Warren,160.10000000000002,GREENVILLE,SC,GREENVILLE,45,045,34.847964,-82.401036
29334,636.29,0,Sanders,636.29,DUNCAN,SC,SPARTANBURG,45,083,34.90813,-82.117325
50595,636,0,Sanders,636,WEBSTER CITY,IA,HAMILTON,19,079,42.441537,-93.825426
03254,634.08,0,Sanders,634.08,MOULTONBOROUGH,NH,CARROLL,33,003,43.705374,-71.388998
03043,630.64,0,Sanders,630.64,FRANCESTOWN,NH,HILLSBOROUGH,33,011,42.995706,-71.816523
29588,628.75,4200,Warren,3571.25,MYRTLE BEACH,SC,HORRY,45,051,33.677688,-79.028938
29403,626.3,165,Sanders,461.29999999999995,CHARLESTON,SC,CHARLESTON,45,019,32.800217,-79.942754
50263,623,0,Sanders,623,WAUKEE,IA,DALLAS,19,049,41.601229,-93.860917
03841,621.7,250,Sanders,371.70000000000005,HAMPSTEAD,NH,ROCKINGHAM,33,015,42.882721,-71.176319
03598,619.98,373.32,Sanders,246.66000000000003,WHITEFIELD,NH,COOS,33,007,44.328802,-71.571167
50210,614.24,0,Sanders,614.24,NEW VIRGINIA,IA,WARREN,19,181,41.176243,-93.685777
29485,613.09,0,Sanders,613.09,SUMMERVILLE,SC,DORCHESTER,45,035,32.947923,-80.189161
29585,612.25,183.94,Sanders,428.31,PAWLEYS ISLAND,SC,GEORGETOWN,45,043,33.462706,-79.11481
03032,612,0,Sanders,612,AUBURN,NH,ROCKINGHAM,33,015,42.988876,-71.345832
52302,608.49,664.64,Warren,56.14999999999998,MARION,IA,LINN,19,113,42.060472,-91.583262
03077,597.04,75,Sanders,522.04,RAYMOND,NH,ROCKINGHAM,33,015,43.032011,-71.196046
52806,594.5,150,Sanders,444.5,DAVENPORT,IA,SCOTT,19,163,41.578966,-90.623614
89142,594,0,Sanders,594,LAS VEGAS,NV,CLARK,32,003,36.14903,-115.03175
03276,582.18,113.82,Sanders,468.35999999999996,TILTON,NH,BELKNAP,33,001,43.432029,-71.568484
03087,578.7,250,Sanders,328.70000000000005,WINDHAM,NH,ROCKINGHAM,33,015,42.805495,-71.301507
52404,570.6899999999999,34.03,Sanders,536.66,CEDAR RAPIDS,IA,LINN,19,113,41.912432,-91.706338
03062,562,300,Sanders,262,NASHUA,NH,HILLSBOROUGH,33,011,42.730416,-71.494756
29210,556,0,Sanders,556,COLUMBIA,SC,RICHLAND,45,079,34.038521,-81.11301
29420,554,0,Sanders,554,NORTH CHARLESTON,SC,DORCHESTER,45,035,32.940539,-80.098214
50012,554,0,Sanders,554,AMES,IA,STORY,19,169,42.0347,-93.6198
52101,554,830,Warren,276,DECORAH,IA,WINNESHIEK,19,191,43.334647,-91.779261
29732,552.99,0,Sanders,552.99,ROCK HILL,SC,YORK,45,091,34.965936,-81.077579
51501,546.19,0,Sanders,546.19,COUNCIL BLUFFS,IA,POTTAWATTAMIE,19,155,41.23296,-95.877363
29841,546,85.4,Sanders,460.6,NORTH AUGUSTA,SC,AIKEN,45,003,33.524176,-81.941782
89108,540.4,215,Sanders,325.4,LAS VEGAS,NV,CLARK,32,003,36.21435,-115.213179
89034,540,0,Sanders,540,MESQUITE,NV,CLARK,32,003,36.874646,-114.125345
03051,537.7,0,Sanders,537.7,HUDSON,NH,HILLSBOROUGH,33,011,42.761768000000004,-71.412573
89121,530.53,630,Warren,99.47000000000003,LAS VEGAS,NV,CLARK,32,003,36.12281,-115.089015
29676,525.55,500,Sanders,25.549999999999955,SALEM,SC,OCONEE,45,073,34.926976,-82.966381
29466,525.31,150,Sanders,375.30999999999995,MOUNT PLEASANT,SC,CHARLESTON,45,019,32.861784,-79.795762
29907,519.99,150.26,Sanders,369.73,BEAUFORT,SC,BEAUFORT,45,013,32.430232,-80.619388
52402,514.7,1617.93,Warren,1103.23,CEDAR RAPIDS,IA,LINN,19,113,42.024733,-91.66133
50321,511.36,0,Sanders,511.36,DES MOINES,IA,POLK,19,153,41.547144,-93.673198
03840,510.98,0,Sanders,510.98,GREENLAND,NH,ROCKINGHAM,33,015,43.032582,-70.850056
03887,508,0,Sanders,508,UNION,NH,CARROLL,33,003,43.476354,-71.055156
03036,504,300,Sanders,204,CHESTER,NH,ROCKINGHAM,33,015,42.970678,-71.239531
29356,500,0,Sanders,500,LANDRUM,SC,SPARTANBURG,45,083,35.131268,-82.251463
89030,500,0,Sanders,500,NORTH LAS VEGAS,NV,CLARK,32,003,36.214232,-115.129269
89144,500,89.61,Sanders,410.39,LAS VEGAS,NV,CLARK,32,003,36.177022,-115.314718
29708,496.1,265.51,Sanders,230.59000000000003,FORT MILL,SC,YORK,45,091,35.047839,-80.986378
03101,494.18,0,Sanders,494.18,MANCHESTER,NH,HILLSBOROUGH,33,011,42.988367,-71.465548
89803,486.29,0,Sanders,486.29,ELKO,NV,ELKO,32,007,40.814562,-115.702127
03110,481,789.71,Warren,308.71000000000004,BEDFORD,NH,HILLSBOROUGH,33,011,42.939248,-71.534653
03865,479.88,0,Sanders,479.88,PLAISTOW,NH,ROCKINGHAM,33,015,42.84281,-71.094632
52804,478.86,0,Sanders,478.86,DAVENPORT,IA,SCOTT,19,163,41.555996,-90.59138
29693,478,110.03,Sanders,367.97,WESTMINSTER,SC,OCONEE,45,073,34.654352,-83.125615
03741,476.74,506,Warren,29.25999999999999,CANAAN,NH,GRAFTON,33,009,43.673746,-72.017378
50266,475.1,541.51,Warren,66.40999999999997,WEST DES MOINES,IA,POLK,19,153,41.559852,-93.785641
29902,473.7,500,Warren,26.30000000000001,BEAUFORT,SC,BEAUFORT,45,013,32.373247,-80.700634
89101,472,290.5,Sanders,181.5,LAS VEGAS,NV,CLARK,32,003,36.173634,-115.12637
89156,469,0,Sanders,469,LAS VEGAS,NV,CLARK,32,003,36.21657,-114.974983
52778,462.35,150,Sanders,312.35,WILTON,IA,MUSCATINE,19,139,41.603189,-90.99187
29625,461.3,0,Sanders,461.3,ANDERSON,SC,ANDERSON,45,007,34.571365,-82.756324
89166,460,18.71,Sanders,441.29,LAS VEGAS,NV,CLARK,32,003,36.321918,-115.343066
29212,455.4,240,Sanders,215.39999999999998,COLUMBIA,SC,LEXINGTON,45,063,34.08797,-81.198659
03584,454,0,Sanders,454,LANCASTER,NH,COOS,33,007,44.500107,-71.544682
89821,450,0,Sanders,450,CRESCENT VALLEY,NV,EUREKA,32,011,40.5339,-116.322325
50613,449,900,Warren,451,CEDAR FALLS,IA,BLACK HAWK,19,013,42.516968,-92.49115
03861,446.54,2075,Warren,1628.46,LEE,NH,STRAFFORD,33,017,43.126468,-71.013397
03825,445.78,318.27,Sanders,127.50999999999999,BARRINGTON,NH,STRAFFORD,33,017,43.210674,-71.049228
50677,443.56,105,Sanders,338.56,WAVERLY,IA,BREMER,19,017,42.78005,-92.426332
89501,440,300,Sanders,140,RENO,NV,WASHOE,32,031,39.528492,-119.804313
29670,436.7,175,Sanders,261.7,PENDLETON,SC,ANDERSON,45,007,34.643334,-82.715232
03217,436,0,Sanders,436,ASHLAND,NH,GRAFTON,33,009,43.724892,-71.613234
03279,427.7,0,Sanders,427.7,WARREN,NH,GRAFTON,33,009,43.941936,-71.876458
29127,427,0,Sanders,427,PROSPERITY,SC,NEWBERRY,45,071,34.189934,-81.504966
89406,427,300,Sanders,127,FALLON,NV,CHURCHILL,32,001,39.537984,-118.343593
52317,424.09,436.44,Warren,12.350000000000023,NORTH LIBERTY,IA,JOHNSON,19,103,41.764916,-91.631482
29020,421.2,0,Sanders,421.2,CAMDEN,SC,KERSHAW,45,055,34.316466,-80.587212
50501,410.2,250,Sanders,160.2,FORT DODGE,IA,WEBSTER,19,187,42.455955,-94.19653
03777,408,0,Sanders,408,ORFORD,NH,GRAFTON,33,009,43.897671,-72.059934
89429,404,100,Sanders,304,SILVER SPRINGS,NV,LYON,32,019,39.432179,-119.265274
52738,400,0,Sanders,400,COLUMBUS JUNCTION,IA,LOUISA,19,115,41.300022,-91.341596
03894,399.4,125,Sanders,274.4,WOLFEBORO,NH,CARROLL,33,003,43.59269,-71.160274
29650,398.4,0,Sanders,398.4,GREER,SC,GREENVILLE,45,045,34.900123,-82.267104
03045,390,315,Sanders,75,GOFFSTOWN,NH,HILLSBOROUGH,33,011,43.020926,-71.570426
89122,382,596.2,Warren,214.20000000000005,LAS VEGAS,NV,CLARK,32,003,36.106369,-115.025206
29483,379,0,Sanders,379,SUMMERVILLE,SC,DORCHESTER,45,035,33.09643,-80.19527
03042,377,0,Sanders,377,EPPING,NH,ROCKINGHAM,33,015,43.048367,-71.080035
52353,375,0,Sanders,375,WASHINGTON,IA,WASHINGTON,19,183,41.3007,-91.742908
52405,374,0,Sanders,374,CEDAR RAPIDS,IA,LINN,19,113,41.987898,-91.752546
29645,370.46,0,Sanders,370.46,GRAY COURT,SC,LAURENS,45,059,34.57314,-82.122133
03266,370.18,63.9,Sanders,306.28000000000003,RUMNEY,NH,GRAFTON,33,009,43.811561,-71.8838
51334,368,0,Sanders,368,ESTHERVILLE,IA,EMMET,19,063,43.377997,-94.76903
29303,364.43,0,Sanders,364.43,SPARTANBURG,SC,SPARTANBURG,45,083,34.995042,-81.98219
29341,363.86,0,Sanders,363.86,GAFFNEY,SC,CHEROKEE,45,021,35.101512,-81.698956
50314,358,240,Sanders,118,DES MOINES,IA,POLK,19,153,41.602378,-93.629555
52214,356,0,Sanders,356,CENTRAL CITY,IA,LINN,19,113,42.187658,-91.5204
50125,354.6,145,Sanders,209.60000000000002,INDIANOLA,IA,WARREN,19,181,41.306467,-93.581812
89143,350.6,185.2,Sanders,165.40000000000003,LAS VEGAS,NV,CLARK,32,003,36.317329,-115.298879
03053,348.5,200,Sanders,148.5,LONDONDERRY,NH,ROCKINGHAM,33,015,42.873066,-71.390857
03302,347.44,250,Sanders,97.44,CONCORD,NH,MERRIMACK,33,013,43.2084,-71.5381
89801,342,0,Sanders,342,ELKO,NV,ELKO,32,007,41.177457,-115.892493
50801,341.1,0,Sanders,341.1,CRESTON,IA,UNION,19,175,41.057353,-94.403944
89032,340.1,0,Sanders,340.1,NORTH LAS VEGAS,NV,CLARK,32,003,36.217572,-115.173024
03079,338.22,281,Sanders,57.22000000000003,SALEM,NH,ROCKINGHAM,33,015,42.794954,-71.225568
03872,337,0,Sanders,337,SANBORNVILLE,NH,CARROLL,33,003,43.584992,-71.038237
29653,331.29,0,Sanders,331.29,HODGES,SC,GREENWOOD,45,047,34.301822,-82.226289
89704,331,1700,Warren,1369,WASHOE VALLEY,NV,WASHOE,32,031,39.252704,-119.781782
50066,325,0,Sanders,325,DAWSON,IA,DALLAS,19,049,41.804793,-94.214972
51534,325,267.64,Sanders,57.360000000000014,GLENWOOD,IA,MILLS,19,129,41.037915,-95.706307
29203,322,0,Sanders,322,COLUMBIA,SC,RICHLAND,45,079,34.098672,-81.06187
29301,320.91,0,Sanders,320.91,SPARTANBURG,SC,SPARTANBURG,45,083,34.933641,-82.010242
50009,320.7,31,Sanders,289.7,ALTOONA,IA,POLK,19,153,41.643471,-93.462255
29926,317,1104,Warren,787,HILTON HEAD ISLAND,SC,BEAUFORT,45,013,32.22204,-80.753069
29689,315.85,115.2,Sanders,200.65000000000003,TOWNVILLE,SC,ANDERSON,45,007,34.524024,-82.865714
29577,314.16,750,Warren,435.84,MYRTLE BEACH,SC,HORRY,45,051,33.698113,-78.903338
29204,314,0,Sanders,314,COLUMBIA,SC,RICHLAND,45,079,34.030827,-81.001405
03061,312,175,Sanders,137,NASHUA,NH,HILLSBOROUGH,33,011,42.7656,-71.4682
52227,307.98,0,Sanders,307.98,ELY,IA,LINN,19,113,41.902836,-91.556896
03870,306,905.72,Warren,599.72,RYE,NH,ROCKINGHAM,33,015,43.014872,-70.76028
03570,304.7,200,Sanders,104.69999999999999,BERLIN,NH,COOS,33,007,44.454995,-71.26073
29657,303.99,0,Sanders,303.99,LIBERTY,SC,PICKENS,45,077,34.763606,-82.684718
29627,302.4,175,Sanders,127.39999999999998,BELTON,SC,ANDERSON,45,007,34.489438,-82.46132
03262,300,0,Sanders,300,NORTH WOODSTOCK,NH,GRAFTON,33,009,44.023488,-71.73271
03854,300,0,Sanders,300,NEW CASTLE,NH,ROCKINGHAM,33,015,43.064182,-70.722702
51040,300,200,Sanders,100,ONAWA,IA,MONONA,19,133,41.99592,-96.102455
89077,300,0,Sanders,300,HENDERSON,NV,CLARK,32,003,36.004,-115.1007
03216,296.7,0,Sanders,296.7,ANDOVER,NH,MERRIMACK,33,013,43.446677,-71.796082
29532,294,0,Sanders,294,DARLINGTON,SC,DARLINGTON,45,031,34.279616,-79.840008
29458,282.99,50,Sanders,232.99,MC CLELLANVILLE,SC,CHARLESTON,45,019,33.107653,-79.479785
51566,281.75,0,Sanders,281.75,RED OAK,IA,MONTGOMERY,19,137,41.02316,-95.218402
52157,279.7,0,Sanders,279.7,MC GREGOR,IA,CLAYTON,19,043,42.99665,-91.236934
50619,277,0,Sanders,277,CLARKSVILLE,IA,BUTLER,19,023,42.793086,-92.672412
50112,274.9,224.87,Sanders,50.02999999999997,GRINNELL,IA,POWESHIEK,19,157,41.721814,-92.717822
89451,274.5,752,Warren,477.5,INCLINE VILLAGE,NV,WASHOE,32,031,39.281778,-119.921374
89519,274,2003.79,Warren,1729.79,RENO,NV,WASHOE,32,031,39.484951,-119.854377
29135,272.64,0,Sanders,272.64,SAINT MATTHEWS,SC,CALHOUN,45,017,33.726184,-80.813264
29445,271.27,285.2,Warren,13.930000000000007,GOOSE CREEK,SC,BERKELEY,45,015,32.98908,-79.993356
29307,270.1,0,Sanders,270.1,SPARTANBURG,SC,SPARTANBURG,45,083,34.988254,-81.824524
29847,270,0,Sanders,270,TRENTON,SC,EDGEFIELD,45,037,33.700086,-81.850008
29615,267.7,250,Sanders,17.69999999999999,GREENVILLE,SC,GREENVILLE,45,045,34.859824,-82.294004
50701,266.01,418,Warren,151.99,WATERLOO,IA,BLACK HAWK,19,013,42.429256,-92.313378
29456,265.4,35,Sanders,230.39999999999998,LADSON,SC,BERKELEY,45,015,32.990207,-80.117138
29607,263.86,0,Sanders,263.86,GREENVILLE,SC,GREENVILLE,45,045,34.803774,-82.321517
03253,263.75,0,Sanders,263.75,MEREDITH,NH,BELKNAP,33,001,43.6177,-71.478163
52203,263,0,Sanders,263,AMANA,IA,IOWA,19,095,41.817926,-91.863264
29910,262.4,375,Warren,112.60000000000002,BLUFFTON,SC,BEAUFORT,45,013,32.227874,-80.887555
29680,261,0,Sanders,261,SIMPSONVILLE,SC,GREENVILLE,45,045,34.694454,-82.295983
29401,259.7,1050,Warren,790.3,CHARLESTON,SC,CHARLESTON,45,019,32.777596,-79.941923
89431,256.7,635,Warren,378.3,SPARKS,NV,WASHOE,32,031,39.543034,-119.736852
29492,256,100,Sanders,156,CHARLESTON,SC,BERKELEY,45,015,32.913122,-79.864033
29640,255.4,70.2,Sanders,185.2,EASLEY,SC,PICKENS,45,077,34.893334,-82.580276
29687,254.67,75,Sanders,179.67,TAYLORS,SC,GREENVILLE,45,045,34.988059,-82.320804
89110,254.2,0,Sanders,254.2,LAS VEGAS,NV,CLARK,32,003,36.173908,-115.052913
29202,251.2,0,Sanders,251.2,COLUMBIA,SC,RICHLAND,45,079,34.024354,-81.028813
03220,250,0,Sanders,250,BELMONT,NH,BELKNAP,33,001,43.463234,-71.470834
29440,250,159,Sanders,91,GEORGETOWN,SC,GEORGETOWN,45,043,33.387012,-79.381422
50317,248.39000000000001,174.87,Sanders,73.52000000000001,DES MOINES,IA,POLK,19,153,41.605744,-93.550022
50131,245,297.48,Warren,52.48000000000002,JOHNSTON,IA,POLK,19,153,41.717622,-93.71172
50324,243,320.6,Warren,77.60000000000002,WINDSOR HEIGHTS,IA,POLK,19,153,41.59427,-93.703647
03037,242,0,Sanders,242,DEERFIELD,NH,ROCKINGHAM,33,015,43.147942,-71.248659
50482,240,0,Sanders,240,VENTURA,IA,CERRO GORDO,19,033,43.14043,-93.464806
52601,233.66,0,Sanders,233.66,BURLINGTON,IA,DES MOINES,19,057,40.841262,-91.113796
03242,231.75,250,Warren,18.25,HENNIKER,NH,MERRIMACK,33,013,43.169199,-71.8212
03070,231,0,Sanders,231,NEW BOSTON,NH,HILLSBOROUGH,33,011,42.975939,-71.681414
51546,227.75,0,Sanders,227.75,LOGAN,IA,HARRISON,19,085,41.641414,-95.760886
03268,224,0,Sanders,224,SALISBURY,NH,MERRIMACK,33,013,43.380666,-71.729532
03874,218.4,0,Sanders,218.4,SEABROOK,NH,ROCKINGHAM,33,015,42.883886,-70.865663
03835,217,0,Sanders,217,FARMINGTON,NH,STRAFFORD,33,017,43.362176,-71.074979
29369,216.5,0,Sanders,216.5,MOORE,SC,SPARTANBURG,45,083,34.854975,-82.027666
29860,214.7,0,Sanders,214.7,NORTH AUGUSTA,SC,EDGEFIELD,45,037,33.61364,-81.970853
50313,214.69,0,Sanders,214.69,DES MOINES,IA,POLK,19,153,41.649246,-93.627743
29821,212,0,Sanders,212,CLARKS HILL,SC,MCCORMICK,45,065,33.626732,-82.107436
29566,210.27,0,Sanders,210.27,LITTLE RIVER,SC,HORRY,45,051,33.886234,-78.6522
03245,208,0,Sanders,208,HOLDERNESS,NH,GRAFTON,33,009,43.74434,-71.598562
29486,208,0,Sanders,208,SUMMERVILLE,SC,BERKELEY,45,015,33.116773,-80.156549
03449,207.4,1350,Warren,1142.6,HANCOCK,NH,HILLSBOROUGH,33,011,42.975414,-71.996236
89815,206.7,0,Sanders,206.7,SPRING CREEK,NV,ELKO,32,007,40.580284,-115.565328
89721,206,0,Sanders,206,CARSON CITY,NV,CARSON CITY,32,510,39.1637,-119.7667
03048,205,0,Sanders,205,GREENVILLE,NH,HILLSBOROUGH,33,011,42.751118,-71.761631
03802,204,0,Sanders,204,PORTSMOUTH,NH,ROCKINGHAM,33,015,43.0719,-70.7632
29168,203.9,0,Sanders,203.9,WEDGEFIELD,SC,SUMTER,45,085,33.827911,-80.538509
29040,202,0,Sanders,202,DALZELL,SC,SUMTER,45,085,34.04692,-80.457118
03866,200,0,Sanders,200,ROCHESTER,NH,STRAFFORD,33,017,43.2756,-70.9891
29742,200,0,Sanders,200,SHARON,SC,YORK,45,091,34.879664,-81.392606
52649,200,170.8,Sanders,29.19999999999999,SALEM,IA,HENRY,19,087,40.842774,-91.602983
52728,200,0,Sanders,200,BUFFALO,IA,SCOTT,19,163,41.461598,-90.728406
03752,197.2,0,Sanders,197.2,GOSHEN,NH,SULLIVAN,33,019,43.294629,-72.112866
03246,195,353,Warren,158,LACONIA,NH,BELKNAP,33,001,43.565499,-71.481549
50021,194.7,1725,Warren,1530.3,ANKENY,IA,POLK,19,153,41.724936,-93.561506
03223,189,0,Sanders,189,CAMPTON,NH,GRAFTON,33,009,43.97417,-71.580686
03054,185,381,Warren,196,MERRIMACK,NH,HILLSBOROUGH,33,011,42.851797,-71.514782
03839,184.94,0,Sanders,184.94,ROCHESTER,NH,STRAFFORD,33,017,43.257062,-70.983824
51503,184.2,685,Warren,500.8,COUNCIL BLUFFS,IA,POTTAWATTAMIE,19,155,41.246274,-95.772066
03044,184,0,Sanders,184,FREMONT,NH,ROCKINGHAM,33,015,42.990024,-71.129684
03867,183.7,310,Warren,126.30000000000001,ROCHESTER,NH,STRAFFORD,33,017,43.301315,-70.992932
29036,183,0,Sanders,183,CHAPIN,SC,LEXINGTON,45,063,34.137696,-81.342789
29702,182.63,0,Sanders,182.63,BLACKSBURG,SC,CHEROKEE,45,021,35.100616,-81.470938
50254,182.5,0,Sanders,182.5,THAYER,IA,UNION,19,175,40.983608,-94.071502
50208,182.2,0,Sanders,182.2,NEWTON,IA,JASPER,19,099,41.724929,-93.038975
29169,182,0,Sanders,182,WEST COLUMBIA,SC,LEXINGTON,45,063,33.990967,-81.100879
03275,181,0,Sanders,181,SUNCOOK,NH,MERRIMACK,33,013,43.169076,-71.410731
29208,181,0,Sanders,181,COLUMBIA,SC,RICHLAND,45,079,33.998363,-81.028028
89158,180.32,100,Sanders,80.32,LAS VEGAS,NV,CLARK,32,003,36.108047,-115.176789
03466,177,350,Warren,173,WEST CHESTERFIELD,NH,CHESHIRE,33,005,42.894234,-72.512886
50538,177,0,Sanders,177,FARNHAMVILLE,IA,CALHOUN,19,025,42.281668,-94.446074
89131,174.7,891.86,Warren,717.1600000000001,LAS VEGAS,NV,CLARK,32,003,36.305996,-115.246109
89520,172,0,Sanders,172,RENO,NV,WASHOE,32,031,39.5297,-119.8129
52210,171.66,0,Sanders,171.66,BRANDON,IA,BUCHANAN,19,019,42.330158,-91.999869
29512,171.02,0,Sanders,171.02,BENNETTSVILLE,SC,MARLBORO,45,069,34.633355,-79.707302
51031,170.7,0,Sanders,170.7,LE MARS,IA,PLYMOUTH,19,149,42.786854,-96.203488
03106,167.7,0,Sanders,167.7,HOOKSETT,NH,MERRIMACK,33,013,43.065957,-71.4372
03064,167.5,250,Warren,82.5,NASHUA,NH,HILLSBOROUGH,33,011,42.782582,-71.472035
03285,167.4,165,Sanders,2.4000000000000057,THORNTON,NH,GRAFTON,33,009,43.951748,-71.621646
50035,165.86,105,Sanders,60.860000000000014,BONDURANT,IA,POLK,19,153,41.730883,-93.444973
03609,162,0,Sanders,162,NORTH WALPOLE,NH,CHESHIRE,33,005,43.140715,-72.436767
29527,161.39,0,Sanders,161.39,CONWAY,SC,HORRY,45,051,33.762595,-79.15324
03278,160.35,0,Sanders,160.35,WARNER,NH,MERRIMACK,33,013,43.305561,-71.873398
29302,159,0,Sanders,159,SPARTANBURG,SC,SPARTANBURG,45,083,34.884741,-81.850483
29439,158.7,250,Warren,91.30000000000001,FOLLY BEACH,SC,CHARLESTON,45,019,32.669611,-79.949812
29033,157.86,0,Sanders,157.86,CAYCE,SC,LEXINGTON,45,063,33.95965,-81.060075
03445,157,0,Sanders,157,SULLIVAN,NH,CHESHIRE,33,005,43.011137,-72.217028
03457,156.4,100,Sanders,56.400000000000006,NELSON,NH,CHESHIRE,33,005,43.006406,-72.11857
29457,156,0,Sanders,156,JOHNS ISLAND,SC,CHARLESTON,45,019,32.7924,-80.1083
52208,156,0,Sanders,156,BELLE PLAINE,IA,BENTON,19,011,41.880681,-92.253881
03746,154,0,Sanders,154,CORNISH FLAT,NH,SULLIVAN,33,019,43.4973,-72.28
50273,154,250,Warren,96,WINTERSET,IA,MADISON,19,121,41.337167,-94.04562
52498,154,0,Sanders,154,CEDAR RAPIDS,IA,LINN,19,113,42.0083,-91.6437
52632,154,0,Sanders,154,KEOKUK,IA,LEE,19,111,40.450002,-91.448686
29720,152.7,0,Sanders,152.7,LANCASTER,SC,LANCASTER,45,057,34.766228,-80.698876
03751,150.7,0,Sanders,150.7,GEORGES MILLS,NH,SULLIVAN,33,019,43.443099,-72.08594
50244,150.7,0,Sanders,150.7,SLATER,IA,STORY,19,169,41.85648,-93.658862
03076,150,0,Sanders,150,PELHAM,NH,HILLSBOROUGH,33,011,42.741088,-71.316056
03251,150,0,Sanders,150,LINCOLN,NH,GRAFTON,33,009,44.089538,-71.58538
03583,150,0,Sanders,150,JEFFERSON,NH,COOS,33,007,44.396893,-71.433988
03765,150,0,Sanders,150,HAVERHILL,NH,GRAFTON,33,009,44.038149,-72.05375
03811,150,90,Sanders,60,ATKINSON,NH,ROCKINGHAM,33,015,42.839256,-71.161078
29418,150,175,Warren,25,NORTH CHARLESTON,SC,CHARLESTON,45,019,32.890078,-80.058944
29575,150,150,Warren,0,MYRTLE BEACH,SC,HORRY,45,051,33.62789,-78.967328
50149,150,0,Sanders,150,LORIMOR,IA,UNION,19,175,41.148002,-94.080931
50582,150,0,Sanders,150,RUTLAND,IA,HUMBOLDT,19,091,42.7866,-94.295815
89008,150,0,Sanders,150,CALIENTE,NV,LINCOLN,32,017,37.375515,-114.534354
89084,150,-25,Sanders,175,NORTH LAS VEGAS,NV,CLARK,32,003,36.300552,-115.15284
89137,150,0,Sanders,150,LAS VEGAS,NV,CLARK,32,003,36.1753,-115.1364
29745,145.7,0,Sanders,145.7,YORK,SC,YORK,45,091,34.984723,-81.204674
29118,144,0,Sanders,144,ORANGEBURG,SC,ORANGEBURG,45,075,33.57115,-80.891585
89705,143,105,Sanders,38,CARSON CITY,NV,DOUGLAS,32,005,39.08267,-119.827304
29059,142.2,0,Sanders,142.2,HOLLY HILL,SC,ORANGEBURG,45,075,33.322911,-80.431875
50248,140.4,0,Sanders,140.4,STORY CITY,IA,STORY,19,169,42.186248,-93.629511
29801,140,146.75,Warren,6.75,AIKEN,SC,AIKEN,45,003,33.601929,-81.661132
29707,139,300,Warren,161,FORT MILL,SC,LANCASTER,45,057,34.99001,-80.851832
29061,137.8,0,Sanders,137.8,HOPKINS,SC,RICHLAND,45,079,33.881494000000004,-80.847488
52327,137.7,0,Sanders,137.7,RIVERSIDE,IA,WASHINGTON,19,183,41.483919,-91.580353
50022,137,0,Sanders,137,ATLANTIC,IA,CASS,19,029,41.396246,-94.999917
52003,135.7,150,Warren,14.300000000000011,DUBUQUE,IA,DUBUQUE,19,061,42.438765,-90.640776
03261,135,0,Sanders,135,NORTHWOOD,NH,ROCKINGHAM,33,015,43.220476,-71.204444
03782,135,104.42,Sanders,30.58,SUNAPEE,NH,SULLIVAN,33,019,43.384718,-72.087607
03819,135,120,Sanders,15,DANVILLE,NH,ROCKINGHAM,33,015,42.927822,-71.121202
29649,134,75,Sanders,59,GREENWOOD,SC,GREENWOOD,45,047,34.247997,-82.148454
29450,133.7,0,Sanders,133.7,HUGER,SC,BERKELEY,45,015,33.041689,-79.76528
03781,131,225,Warren,94,PLAINFIELD,NH,SULLIVAN,33,019,43.536563,-72.28353
52340,128.7,0,Sanders,128.7,TIFFIN,IA,JOHNSON,19,103,41.712566,-91.681615
29138,127.7,0,Sanders,127.7,SALUDA,SC,SALUDA,45,081,34.021663,-81.777177
03452,127.1,300,Warren,172.9,JAFFREY,NH,CHESHIRE,33,005,42.831569,-72.05867
03057,127,0,Sanders,127,MONT VERNON,NH,HILLSBOROUGH,33,011,42.899185,-71.688248
03813,127,75,Sanders,52,CENTER CONWAY,NH,CARROLL,33,003,44.056045,-71.053751
29045,127,75,Sanders,52,ELGIN,SC,KERSHAW,45,055,34.191438,-80.813086
29661,127,0,Sanders,127,MARIETTA,SC,GREENVILLE,45,045,35.068332,-82.54423
51104,127,0,Sanders,127,SIOUX CITY,IA,WOODBURY,19,193,42.534992,-96.402406
89115,127,150,Warren,23,LAS VEGAS,NV,CLARK,32,003,36.239873,-115.04381
89423,127,0,Sanders,127,MINDEN,NV,DOUGLAS,32,005,38.977004,-119.578285
51005,126,0,Sanders,126,AURELIA,IA,CHEROKEE,19,035,42.717349,-95.436895
03848,121,0,Sanders,121,KINGSTON,NH,ROCKINGHAM,33,015,42.91035,-71.061621
03287,120,0,Sanders,120,WILMOT,NH,MERRIMACK,33,013,43.44176,-71.924811
03034,118,0,Sanders,118,CANDIA,NH,ROCKINGHAM,33,015,43.070868,-71.312028
29461,117,0,Sanders,117,MONCKS CORNER,SC,BERKELEY,45,015,33.152023,-80.015996
51537,116.92,225,Warren,108.08,HARLAN,IA,SHELBY,19,165,41.633384,-95.267237
52401,115.7,0,Sanders,115.7,CEDAR RAPIDS,IA,LINN,19,113,41.974698,-91.655401
29180,115,0,Sanders,115,WINNSBORO,SC,FAIRFIELD,45,039,34.357979,-81.059476
89154,115,0,Sanders,115,LAS VEGAS,NV,CLARK,32,003,36.1095,-115.143837
50135,114,0,Sanders,114,KELLOGG,IA,JASPER,19,099,41.75367,-92.88311
52742,114,0,Sanders,114,DE WITT,IA,CLINTON,19,045,41.83893,-90.495325
52755,110.35,0,Sanders,110.35,LONE TREE,IA,JOHNSON,19,103,41.485638,-91.44732
29160,110.1,0,Sanders,110.1,SWANSEA,SC,LEXINGTON,45,063,33.727277,-81.097007
50471,110.02,0,Sanders,110.02,RUDD,IA,FLOYD,19,067,43.147817,-92.877816
89081,109.4,75,Sanders,34.400000000000006,NORTH LAS VEGAS,NV,CLARK,32,003,36.258182,-115.102844
03868,108,0,Sanders,108,ROCHESTER,NH,STRAFFORD,33,017,43.345266,-70.945629
03873,108,0,Sanders,108,SANDOWN,NH,ROCKINGHAM,33,015,42.930898,-71.184447
29455,108,4450,Warren,4342,JOHNS ISLAND,SC,CHARLESTON,45,019,32.718663,-80.098045
29651,108,500,Warren,392,GREER,SC,GREENVILLE,45,045,34.946178,-82.231214
50240,108,0,Sanders,108,SAINT CHARLES,IA,MADISON,19,121,41.295418,-93.809636
50622,108,0,Sanders,108,DENVER,IA,BREMER,19,017,42.671778,-92.335003
89029,108,0,Sanders,108,LAUGHLIN,NV,CLARK,32,003,35.140958,-114.737982
89702,108,0,Sanders,108,CARSON CITY,NV,CARSON CITY,32,510,39.1637,-119.7667
89439,106,0,Sanders,106,VERDI,NV,WASHOE,32,031,39.553061,-120.022171
89031,105.4,126.5,Warren,21.099999999999994,NORTH LAS VEGAS,NV,CLARK,32,003,36.257804,-115.166694
29609,105,75,Sanders,30,GREENVILLE,SC,GREENVILLE,45,045,34.913218,-82.387882
03052,104,0,Sanders,104,LITCHFIELD,NH,HILLSBOROUGH,33,011,42.850204,-71.454862
03748,104,300,Warren,196,ENFIELD,NH,GRAFTON,33,009,43.617534,-72.114808
29073,102.36,200,Warren,97.64,LEXINGTON,SC,LEXINGTON,45,063,33.902971,-81.235802
29376,101.7,0,Sanders,101.7,ROEBUCK,SC,SPARTANBURG,45,083,34.824526,-81.950396
29646,100.99000000000001,0,Sanders,100.99000000000001,GREENWOOD,SC,GREENWOOD,45,047,34.143112,-82.133526
03071,100,0,Sanders,100,NEW IPSWICH,NH,HILLSBOROUGH,33,011,42.751572,-71.870917
03774,100,0,Sanders,100,NORTH HAVERHILL,NH,GRAFTON,33,009,44.087152,-71.986776
03810,100,150,Warren,50,ALTON BAY,NH,BELKNAP,33,001,43.505872,-71.274232
03830,100,0,Sanders,100,EAST WAKEFIELD,NH,CARROLL,33,003,43.641056,-70.999979
03836,100,189.42000000000002,Warren,89.42000000000002,FREEDOM,NH,CARROLL,33,003,43.830852,-71.08649
03846,100,0,Sanders,100,JACKSON,NH,CARROLL,33,003,44.182909,-71.203438
29410,100,100,Warren,0,HANAHAN,SC,BERKELEY,45,015,32.93904,-79.996904
29429,100,0,Sanders,100,AWENDAW,SC,CHARLESTON,45,019,32.953846,-79.687598
29488,100,0,Sanders,100,WALTERBORO,SC,COLLETON,45,029,32.918354,-80.699316
29572,100,0,Sanders,100,MYRTLE BEACH,SC,HORRY,45,051,33.765429,-78.795692
50250,100,0,Sanders,100,STUART,IA,GUTHRIE,19,077,41.497356,-94.337932
51442,100,220,Warren,120,DENISON,IA,CRAWFORD,19,047,42.023083,-95.372934
89449,100,0,Sanders,100,STATELINE,NV,DOUGLAS,32,005,38.96562,-119.906234
89444,99.10000000000001,0,Sanders,99.10000000000001,WELLINGTON,NV,LYON,32,019,38.781281,-119.398648
03860,97.2,0,Sanders,97.2,NORTH CONWAY,NH,CARROLL,33,003,44.028,-71.088333
52211,95.99000000000001,0,Sanders,95.99000000000001,BROOKLYN,IA,POWESHIEK,19,157,41.761014,-92.445111
50511,94.66,200,Warren,105.34,ALGONA,IA,KOSSUTH,19,109,43.071158,-94.19699
89085,93,0,Sanders,93,NORTH LAS VEGAS,NV,CLARK,32,003,36.30956,-115.198032
29678,91,200,Warren,109,SENECA,SC,OCONEE,45,073,34.614628,-82.933188
50601,89,0,Sanders,89,ACKLEY,IA,HARDIN,19,083,42.565648,-93.06705
52531,88,0,Sanders,88,ALBIA,IA,MONROE,19,135,41.029841,-92.811818
52777,88,0,Sanders,88,WHEATLAND,IA,CLINTON,19,045,41.847801,-90.857054
89533,88,0,Sanders,88,RENO,NV,WASHOE,32,031,39.5297,-119.8129
52336,87.7,0,Sanders,87.7,SPRINGVILLE,IA,LINN,19,113,42.06323,-91.442728
52301,86.7,0,Sanders,86.7,MARENGO,IA,IOWA,19,095,41.775372,-92.113429
51108,85,65,Sanders,20,SIOUX CITY,IA,WOODBURY,19,193,42.55493,-96.344724
52801,84.7,0,Sanders,84.7,DAVENPORT,IA,SCOTT,19,163,41.520447,-90.57351
89433,84,0,Sanders,84,SUN VALLEY,NV,WASHOE,32,031,39.600367,-119.775674
51632,82.7,0,Sanders,82.7,CLARINDA,IA,PAGE,19,145,40.758162,-95.055159
03082,81,0,Sanders,81,LYNDEBOROUGH,NH,HILLSBOROUGH,33,011,42.904431,-71.777397
03290,81,101.5,Warren,20.5,NOTTINGHAM,NH,ROCKINGHAM,33,015,43.127378,-71.120626
50201,81,60,Sanders,21,NEVADA,IA,STORY,19,169,42.021894,-93.44241
52175,81,0,Sanders,81,WEST UNION,IA,FAYETTE,19,065,42.992853,-91.825796
89441,81,0,Sanders,81,SPARKS,NV,WASHOE,32,031,39.679595,-119.675218
50614,80,0,Sanders,80,CEDAR FALLS,IA,BLACK HAWK,19,013,42.51318,-92.459234
29505,79,0,Sanders,79,FLORENCE,SC,FLORENCE,45,041,34.121082,-79.689242
03745,76.21000000000001,0,Sanders,76.21000000000001,CORNISH,NH,SULLIVAN,33,019,43.472002,-72.32827
52333,75,125,Warren,50,SOLON,IA,JOHNSON,19,103,41.793004,-91.489117
52411,75,0,Sanders,75,CEDAR RAPIDS,IA,LINN,19,113,42.051373,-91.736708
29715,68.69,0,Sanders,68.69,FORT MILL,SC,YORK,45,091,35.022587,-80.926208
29520,67,500,Warren,433,CHERAW,SC,CHESTERFIELD,45,025,34.66612,-79.91062
29824,64,0,Sanders,64,EDGEFIELD,SC,EDGEFIELD,45,037,33.804369,-82.029947
50659,64,0,Sanders,64,NEW HAMPTON,IA,CHICKASAW,19,037,43.081995,-92.327502
89179,63,90,Warren,27,LAS VEGAS,NV,CLARK,32,003,35.991082,-115.251368
29906,62,0,Sanders,62,BEAUFORT,SC,BEAUFORT,45,013,32.433253,-80.771357
50154,60,0,Sanders,60,MC CALLSBURG,IA,STORY,19,169,42.16602,-93.395654
89024,58,0,Sanders,58,MESQUITE,NV,CLARK,32,003,36.777563,-114.002446
29152,57.84,0,Sanders,57.84,SHAW AFB,SC,SUMTER,45,085,33.976492,-80.460064
03823,57,280,Warren,223,MADBURY,NH,STRAFFORD,33,017,43.16891,-70.930946
03750,56.7,85,Warren,28.299999999999997,ETNA,NH,GRAFTON,33,009,43.713165,-72.208081
51521,56.7,0,Sanders,56.7,AVOCA,IA,POTTAWATTAMIE,19,155,41.478638,-95.379492
29554,56,0,Sanders,56,HEMINGWAY,SC,WILLIAMSBURG,45,089,33.695933,-79.393298
03280,55.4,0,Sanders,55.4,WASHINGTON,NH,SULLIVAN,33,019,43.183888,-72.093824
89706,55,965,Warren,910,CARSON CITY,NV,CARSON CITY,32,510,39.179854,-119.545991
03084,54,0,Sanders,54,TEMPLE,NH,HILLSBOROUGH,33,011,42.83516,-71.86247
03467,54,0,Sanders,54,WESTMORELAND,NH,CHESHIRE,33,005,42.973622,-72.443608
03602,54,0,Sanders,54,ALSTEAD,NH,CHESHIRE,33,005,43.129196,-72.32847
03884,54,0,Sanders,54,STRAFFORD,NH,STRAFFORD,33,017,43.281412,-71.145228
29631,54,0,Sanders,54,CLEMSON,SC,PICKENS,45,077,34.680495,-82.816747
50548,54,0,Sanders,54,HUMBOLDT,IA,HUMBOLDT,19,091,42.724968,-94.217737
50575,54,0,Sanders,54,POMEROY,IA,CALHOUN,19,025,42.567142,-94.687984
51106,54,0,Sanders,54,SIOUX CITY,IA,WOODBURY,19,193,42.460387,-96.32263
51510,54,0,Sanders,54,CARTER LAKE,IA,POTTAWATTAMIE,19,155,41.286898,-95.916891
52314,54,0,Sanders,54,MOUNT VERNON,IA,LINN,19,113,41.932946,-91.453885
03580,52,1164.42,Warren,1112.42,FRANCONIA,NH,GRAFTON,33,009,44.176082,-71.671044
52201,51.81,0,Sanders,51.81,AINSWORTH,IA,WASHINGTON,19,183,41.337197,-91.5514
50540,51,0,Sanders,51,FONDA,IA,POCAHONTAS,19,151,42.589476,-94.816338
03869,50,0,Sanders,50,ROLLINSFORD,NH,STRAFFORD,33,017,43.220254,-70.841662
29835,50,185,Warren,135,MC CORMICK,SC,MCCORMICK,45,065,33.897392,-82.230254
29851,50,0,Sanders,50,WARRENVILLE,SC,AIKEN,45,003,33.513751,-81.82404
51466,50,0,Sanders,50,WALL LAKE,IA,SAC,19,161,42.275337,-95.081332
52310,50,0,Sanders,50,MONTICELLO,IA,JONES,19,105,42.22063,-91.18816
52338,50,0,Sanders,50,SWISHER,IA,JOHNSON,19,103,41.828488,-91.701574
52565,50,0,Sanders,50,KEOSAUQUA,IA,VAN BUREN,19,177,40.744468,-92.005986
89060,50,0,Sanders,50,PAHRUMP,NV,NYE,32,023,36.291234,-116.071228
89442,50,0,Sanders,50,WADSWORTH,NV,WASHOE,32,031,39.744468,-119.28628
52002,49.7,0,Sanders,49.7,DUBUQUE,IA,DUBUQUE,19,061,42.526799,-90.790116
03883,49,0,Sanders,49,SOUTH TAMWORTH,NH,CARROLL,33,003,43.809042,-71.300205
89408,48,650,Warren,602,FERNLEY,NV,LYON,32,019,39.62118,-119.165825
03257,47,800,Warren,753,NEW LONDON,NH,MERRIMACK,33,013,43.420142,-71.985132
50236,45,0,Sanders,45,ROLAND,IA,STORY,19,169,42.158161,-93.493412
52753,45,0,Sanders,45,LE CLAIRE,IA,SCOTT,19,163,41.6294,-90.39576
52641,43,118.31,Warren,75.31,MOUNT PLEASANT,IA,HENRY,19,087,41.019813,-91.59576
50072,42,0,Sanders,42,EARLHAM,IA,MADISON,19,121,41.470872,-94.108306
03597,40,0,Sanders,40,WEST STEWARTSTOWN,NH,COOS,33,007,44.9955,-71.5318
03858,39.7,0,Sanders,39.7,NEWTON,NH,ROCKINGHAM,33,015,42.865368,-71.042977
29006,37.8,0,Sanders,37.8,BATESBURG,SC,LEXINGTON,45,063,33.889613,-81.563456
03282,36,0,Sanders,36,WENTWORTH,NH,GRAFTON,33,009,43.867055,-71.949047
52761,35,350,Warren,315,MUSCATINE,IA,MUSCATINE,19,139,41.379614,-91.038892
03768,33,250,Warren,217,LYME,NH,GRAFTON,33,009,43.82212,-72.116288
29449,33,0,Sanders,33,HOLLYWOOD,SC,CHARLESTON,45,019,32.704216,-80.272311
52356,29.7,0,Sanders,29.7,WELLMAN,IA,WASHINGTON,19,183,41.4769,-91.852218
03258,27,288,Warren,261,CHICHESTER,NH,MERRIMACK,33,013,43.257332,-71.401446000000007
03440,27,37.5,Warren,10.5,ANTRIM,NH,HILLSBOROUGH,33,011,43.060054,-71.983578
03850,27,0,Sanders,27,MELVIN VILLAGE,NH,CARROLL,33,003,43.6887,-71.3049
03885,27,75,Warren,48,STRATHAM,NH,ROCKINGHAM,33,015,43.014556,-70.90049
29388,27,0,Sanders,27,WOODRUFF,SC,SPARTANBURG,45,083,34.771021,-82.030258
29406,27,0,Sanders,27,CHARLESTON,SC,CHARLESTON,45,019,32.928935,-80.015328
50111,27,0,Sanders,27,GRIMES,IA,POLK,19,153,41.691804,-93.794913
50124,27,0,Sanders,27,HUXLEY,IA,STORY,19,169,41.88535,-93.615016
50211,27,0,Sanders,27,NORWALK,IA,WARREN,19,181,41.44688,-93.686187
50219,27,142.93,Warren,115.93,PELLA,IA,MARION,19,125,41.403538,-92.90185
50323,27,72.32,Warren,45.31999999999999,URBANDALE,IA,POLK,19,153,41.633022,-93.807792
50864,27,0,Sanders,27,VILLISCA,IA,MONTGOMERY,19,137,41.001302,-95.014203
51555,27,225,Warren,198,MISSOURI VALLEY,IA,HARRISON,19,085,41.558674,-95.939044
52147,27,0,Sanders,27,HAWKEYE,IA,FAYETTE,19,065,42.945967,-91.95844
89445,27,263.92,Warren,236.92000000000002,WINNEMUCCA,NV,HUMBOLDT,32,013,41.167736,-118.192768
50464,26,0,Sanders,26,PLYMOUTH,IA,CERRO GORDO,19,033,43.248662,-93.072888
50050,25,0,Sanders,25,CHURDAN,IA,GREENE,19,073,42.13422,-94.513338
51024,22.7,0,Sanders,22.7,HINTON,IA,PLYMOUTH,19,149,42.618076,-96.271016
50616,20,100,Warren,80,CHARLES CITY,IA,FLOYD,19,067,43.081815,-92.67247
51579,14.7,0,Sanders,14.7,WOODBINE,IA,HARRISON,19,085,41.762547,-95.70283
89440,12,0,Sanders,12,VIRGINIA CITY,NV,STOREY,32,029,39.439917,-119.496936
29322,10,0,Sanders,10,CAMPOBELLO,SC,SPARTANBURG,45,083,35.10266,-82.133136
29617,10,0,Sanders,10,GREENVILLE,SC,GREENVILLE,45,045,34.90611,-82.465784
29078,9,0,Sanders,9,LUGOFF,SC,KERSHAW,45,055,34.197972,-80.706275
03588,7,100,Warren,93,MILAN,NH,COOS,33,007,44.574055,-71.194828
50401,5.7,250,Warren,244.3,MASON CITY,IA,CERRO GORDO,19,033,43.146398,-93.181602
29482,2.7,0,Sanders,2.7,SULLIVANS ISLAND,SC,CHARLESTON,45,019,32.76455,-79.839568
89506,2.7,200,Warren,197.3,RENO,NV,WASHOE,32,031,39.688283,-119.864364
89022,-446.07,0,Warren,446.07,MANHATTAN,NV,NYE,32,023,38.639563,-117.006141
29909,0,2488,Warren,2488,OKATIE,SC,BEAUFORT,45,013,32.327675,-80.893306
89460,0,1765,Warren,1765,GARDNERVILLE,NV,DOUGLAS,32,005,38.910495,-119.823556
50325,0,1137.52,Warren,1137.52,CLIVE,IA,POLK,19,153,41.61034,-93.780847
03864,0,1000,Warren,1000,OSSIPEE,NH,CARROLL,33,003,43.692116,-71.113188
29413,0,1000,Warren,1000,CHARLESTON,SC,CHARLESTON,45,019,32.7765,-79.9312
52655,0,1000,Warren,1000,WEST BURLINGTON,IA,DES MOINES,19,057,40.826632,-91.220596
52627,0,600,Warren,600,FORT MADISON,IA,LEE,19,111,40.650454,-91.373762
03461,0,543.38,Warren,543.38,RINDGE,NH,CHESHIRE,33,005,42.753053,-71.983024
03608,0,500,Warren,500,WALPOLE,NH,CHESHIRE,33,005,43.074774,-72.406308
03886,0,450,Warren,450,TAMWORTH,NH,CARROLL,33,003,43.872217,-71.283678
03593,0,425,Warren,425,RANDOLPH,NH,COOS,33,007,44.373208,-71.29162
03878,0,405,Warren,405,SOMERSWORTH,NH,STRAFFORD,33,017,43.255458,-70.882996
29250,0,401,Warren,401,COLUMBIA,SC,RICHLAND,45,079,34.0009,-81.0353
03851,0,400,Warren,400,MILTON,NH,STRAFFORD,33,017,43.440423,-71.023648
29172,0,375,Warren,375,WEST COLUMBIA,SC,LEXINGTON,45,063,33.907754,-81.081302
03753,0,350,Warren,350,GRANTHAM,NH,SULLIVAN,33,019,43.507164,-72.140142
29571,0,346.2,Warren,346.2,MARION,SC,MARION,45,067,34.132172,-79.422174
03234,0,300,Warren,300,EPSOM,NH,MERRIMACK,33,013,43.216107,-71.341322
03832,0,300,Warren,300,EATON CENTER,NH,CARROLL,33,003,43.909399,-71.046855
03033,0,291.24,Warren,291.24,BROOKLINE,NH,HILLSBOROUGH,33,011,42.749144,-71.673254
03222,0,250,Warren,250,BRISTOL,NH,GRAFTON,33,009,43.61801,-71.780073
03240,0,250,Warren,250,GRAFTON,NH,GRAFTON,33,009,43.576671,-71.966769
03470,0,250,Warren,250,WINCHESTER,NH,CHESHIRE,33,005,42.785358,-72.332757
52057,0,250,Warren,250,MANCHESTER,IA,DELAWARE,19,055,42.494424,-91.448473
52754,0,250,Warren,250,LETTS,IA,LOUISA,19,115,41.34788,-91.247704
89004,0,250,Warren,250,BLUE DIAMOND,NV,CLARK,32,003,36.037759,-115.405876
89109,0,250,Warren,250,LAS VEGAS,NV,CLARK,32,003,36.122508,-115.158589
89450,0,250,Warren,250,INCLINE VILLAGE,NV,WASHOE,32,031,39.2516,-119.9719
03260,0,240,Warren,240,NORTH SUTTON,NH,MERRIMACK,33,013,43.358426,-71.91981
03233,0,230.42,Warren,230.42,ELKINS,NH,MERRIMACK,33,013,43.440729,-71.952829
50013,0,186.8,Warren,186.8,AMES,IA,STORY,19,169,42.024096,-93.6412
03856,0,185,Warren,185,NEWFIELDS,NH,ROCKINGHAM,33,015,43.036983,-70.964427
29920,0,184.5,Warren,184.5,SAINT HELENA ISLAND,SC,BEAUFORT,45,013,32.37773,-80.53973
51025,0,160,Warren,160,HOLSTEIN,IA,IDA,19,093,42.48776,-95.591125
03447,0,159.79,Warren,159.79,FITZWILLIAM,NH,CHESHIRE,33,005,42.763853,-72.138326
50682,0,151.88,Warren,151.88,WINTHROP,IA,BUCHANAN,19,019,42.444484,-91.692056
03046,0,150,Warren,150,DUNBARTON,NH,MERRIMACK,33,013,43.106693,-71.589231
03607,0,150,Warren,150,SOUTH ACWORTH,NH,SULLIVAN,33,019,43.189457,-72.285396
03837,0,150,Warren,150,GILMANTON IRON WORKS,NH,BELKNAP,33,001,43.418512,-71.30629
29506,0,150,Warren,150,FLORENCE,SC,FLORENCE,45,041,34.191834,-79.641507
50109,0,150,Warren,150,GRANGER,IA,DALLAS,19,049,41.764,-93.826914
89086,0,150,Warren,150,NORTH LAS VEGAS,NV,CLARK,32,003,36.283646,-115.116707
03455,0,143,Warren,143,MARLBOROUGH,NH,CHESHIRE,33,005,42.908073,-72.171202
50261,0,135,Warren,135,VAN METER,IA,DALLAS,19,049,41.46721,-93.937584
51103,0,130,Warren,130,SIOUX CITY,IA,WOODBURY,19,193,42.520656,-96.441598
03237,0,125,Warren,125,GILMANTON,NH,BELKNAP,33,001,43.431766,-71.39466
52544,0,117.93,Warren,117.93,CENTERVILLE,IA,APPANOOSE,19,007,40.706642,-92.925273
52233,0,115.03,Warren,115.03,HIAWATHA,IA,LINN,19,113,42.05365,-91.68684
50003,0,110,Warren,110,ADEL,IA,DALLAS,19,049,41.623685,-94.042488
50220,0,109.87,Warren,109.87,PERRY,IA,DALLAS,19,049,41.833801,-94.11551
52748,0,100.8,Warren,100.8,ELDRIDGE,IA,SCOTT,19,163,41.672898000000004,-90.554126
52361,0,100.75,Warren,100.75,WILLIAMSBURG,IA,IOWA,19,095,41.64921,-92.00799
03241,0,100,Warren,100,HEBRON,NH,GRAFTON,33,009,43.721684,-71.833959
29550,0,100,Warren,100,HARTSVILLE,SC,DARLINGTON,45,031,34.394586,-80.081746
51450,0,100,Warren,100,LAKE VIEW,IA,SAC,19,161,42.311628,-95.03152
89430,0,90,Warren,90,SMITH,NV,LYON,32,019,38.764079,-119.310078
50063,0,79,Warren,79,DALLAS CENTER,IA,DALLAS,19,049,41.695886,-93.93598
51039,0,75,Warren,75,MOVILLE,IA,WOODBURY,19,193,42.447869,-96.053188
51360,0,75,Warren,75,SPIRIT LAKE,IA,DICKINSON,19,059,43.421631,-95.101768
29690,0,50,Warren,50,TRAVELERS REST,SC,GREENVILLE,45,045,35.076598,-82.412888
29340,0,38,Warren,38,GAFFNEY,SC,CHEROKEE,45,021,34.978655,-81.608292
03812,0,30,Warren,30,BARTLETT,NH,CARROLL,33,003,44.11856,-71.282343
