filer_committee_id_number,name,contribution_date,sumcontribs
C00705186,"Bennet, Michael F.",2019-04-29,9400
C00705186,"Bennet, Michael F.",2019-04-30,84200
C00705186,"Bennet, Michael F.",2019-05-01,188500
C00705186,"Bennet, Michael F.",2019-05-02,316104
C00705186,"Bennet, Michael F.",2019-05-03,180685
C00705186,"Bennet, Michael F.",2019-05-04,55255
C00705186,"Bennet, Michael F.",2019-05-05,43538
C00705186,"Bennet, Michael F.",2019-05-06,101372.75
C00705186,"Bennet, Michael F.",2019-05-07,49685
C00705186,"Bennet, Michael F.",2019-05-08,56500
C00705186,"Bennet, Michael F.",2019-05-09,88050
C00705186,"Bennet, Michael F.",2019-05-10,63300
C00705186,"Bennet, Michael F.",2019-05-11,21725
C00705186,"Bennet, Michael F.",2019-05-12,19770
C00705186,"Bennet, Michael F.",2019-05-13,42828.5
C00705186,"Bennet, Michael F.",2019-05-14,54620
C00705186,"Bennet, Michael F.",2019-05-15,37160
C00705186,"Bennet, Michael F.",2019-05-16,28336
C00705186,"Bennet, Michael F.",2019-05-17,31685
C00705186,"Bennet, Michael F.",2019-05-18,8325
C00705186,"Bennet, Michael F.",2019-05-19,10079.87
C00705186,"Bennet, Michael F.",2019-05-20,25644.07
C00705186,"Bennet, Michael F.",2019-05-21,31931
C00705186,"Bennet, Michael F.",2019-05-22,17155
C00705186,"Bennet, Michael F.",2019-05-23,14526
C00705186,"Bennet, Michael F.",2019-05-24,16551
C00705186,"Bennet, Michael F.",2019-05-25,2447
C00705186,"Bennet, Michael F.",2019-05-26,9453.9
C00705186,"Bennet, Michael F.",2019-05-27,1612.59
C00705186,"Bennet, Michael F.",2019-05-28,61184
C00705186,"Bennet, Michael F.",2019-05-29,13000
C00705186,"Bennet, Michael F.",2019-05-30,13500
C00705186,"Bennet, Michael F.",2019-05-31,14817.75
C00705186,"Bennet, Michael F.",2019-06-01,7319
C00705186,"Bennet, Michael F.",2019-06-02,11220
C00705186,"Bennet, Michael F.",2019-06-03,11625
C00705186,"Bennet, Michael F.",2019-06-04,33740.15
C00705186,"Bennet, Michael F.",2019-06-05,6276
C00705186,"Bennet, Michael F.",2019-06-06,29600.15
C00705186,"Bennet, Michael F.",2019-06-07,12758
C00705186,"Bennet, Michael F.",2019-06-08,5850
C00705186,"Bennet, Michael F.",2019-06-09,4810
C00705186,"Bennet, Michael F.",2019-06-10,15222
C00705186,"Bennet, Michael F.",2019-06-11,24035
C00705186,"Bennet, Michael F.",2019-06-12,24650
C00705186,"Bennet, Michael F.",2019-06-13,16882.9
C00705186,"Bennet, Michael F.",2019-06-14,18537.9
C00705186,"Bennet, Michael F.",2019-06-15,1925
C00705186,"Bennet, Michael F.",2019-06-16,4343.5
C00705186,"Bennet, Michael F.",2019-06-17,7764.13
C00705186,"Bennet, Michael F.",2019-06-18,16093.85
C00705186,"Bennet, Michael F.",2019-06-19,4720
C00705186,"Bennet, Michael F.",2019-06-20,7485
C00705186,"Bennet, Michael F.",2019-06-21,10741.43
C00705186,"Bennet, Michael F.",2019-06-22,3410
C00705186,"Bennet, Michael F.",2019-06-23,6250
C00705186,"Bennet, Michael F.",2019-06-24,5451
C00705186,"Bennet, Michael F.",2019-06-25,8621
C00705186,"Bennet, Michael F.",2019-06-26,7591
C00705186,"Bennet, Michael F.",2019-06-27,9025
C00705186,"Bennet, Michael F.",2019-06-28,28458
C00705186,"Bennet, Michael F.",2019-06-29,25466.95
C00705186,"Bennet, Michael F.",2019-06-30,46041
C00703975,"Biden, Joseph R. Jr.",2019-04-18,6100
C00703975,"Biden, Joseph R. Jr.",2019-04-20,7400
C00703975,"Biden, Joseph R. Jr.",2019-04-22,16250
C00703975,"Biden, Joseph R. Jr.",2019-04-23,65800
C00703975,"Biden, Joseph R. Jr.",2019-04-24,41800
C00703975,"Biden, Joseph R. Jr.",2019-04-25,3135987.01
C00703975,"Biden, Joseph R. Jr.",2019-04-26,695606.38
C00703975,"Biden, Joseph R. Jr.",2019-04-27,215085.85
C00703975,"Biden, Joseph R. Jr.",2019-04-28,166819.03
C00703975,"Biden, Joseph R. Jr.",2019-04-29,368504.94
C00703975,"Biden, Joseph R. Jr.",2019-04-30,408850.83
C00703975,"Biden, Joseph R. Jr.",2019-05-01,229101.9
C00703975,"Biden, Joseph R. Jr.",2019-05-02,164100.49
C00703975,"Biden, Joseph R. Jr.",2019-05-03,196531.59
C00703975,"Biden, Joseph R. Jr.",2019-05-04,139040.95
C00703975,"Biden, Joseph R. Jr.",2019-05-05,113973.6
C00703975,"Biden, Joseph R. Jr.",2019-05-06,225862.35
C00703975,"Biden, Joseph R. Jr.",2019-05-07,193248.05
C00703975,"Biden, Joseph R. Jr.",2019-05-08,135924.85
C00703975,"Biden, Joseph R. Jr.",2019-05-09,217419.65
C00703975,"Biden, Joseph R. Jr.",2019-05-10,337729.71
C00703975,"Biden, Joseph R. Jr.",2019-05-11,56434.19
C00703975,"Biden, Joseph R. Jr.",2019-05-12,78860.25
C00703975,"Biden, Joseph R. Jr.",2019-05-13,220003.35
C00703975,"Biden, Joseph R. Jr.",2019-05-14,115279.82
C00703975,"Biden, Joseph R. Jr.",2019-05-15,229505.7
C00703975,"Biden, Joseph R. Jr.",2019-05-16,230733.53
C00703975,"Biden, Joseph R. Jr.",2019-05-17,181965.48
C00703975,"Biden, Joseph R. Jr.",2019-05-18,122992.49
C00703975,"Biden, Joseph R. Jr.",2019-05-19,74166.3
C00703975,"Biden, Joseph R. Jr.",2019-05-20,191815
C00703975,"Biden, Joseph R. Jr.",2019-05-21,87033.92
C00703975,"Biden, Joseph R. Jr.",2019-05-22,57596.02
C00703975,"Biden, Joseph R. Jr.",2019-05-23,87673.74
C00703975,"Biden, Joseph R. Jr.",2019-05-24,100982.19
C00703975,"Biden, Joseph R. Jr.",2019-05-25,201289.21
C00703975,"Biden, Joseph R. Jr.",2019-05-26,25701.39
C00703975,"Biden, Joseph R. Jr.",2019-05-27,36396.7
C00703975,"Biden, Joseph R. Jr.",2019-05-28,183333
C00703975,"Biden, Joseph R. Jr.",2019-05-29,144383.95
C00703975,"Biden, Joseph R. Jr.",2019-05-30,96980
C00703975,"Biden, Joseph R. Jr.",2019-05-31,83573.65
C00703975,"Biden, Joseph R. Jr.",2019-06-01,25416.35
C00703975,"Biden, Joseph R. Jr.",2019-06-02,57422
C00703975,"Biden, Joseph R. Jr.",2019-06-03,103249.85
C00703975,"Biden, Joseph R. Jr.",2019-06-04,114262.18
C00703975,"Biden, Joseph R. Jr.",2019-06-05,201619.12
C00703975,"Biden, Joseph R. Jr.",2019-06-06,126341
C00703975,"Biden, Joseph R. Jr.",2019-06-07,82478.1
C00703975,"Biden, Joseph R. Jr.",2019-06-08,36030
C00703975,"Biden, Joseph R. Jr.",2019-06-09,43110.18
C00703975,"Biden, Joseph R. Jr.",2019-06-10,111122
C00703975,"Biden, Joseph R. Jr.",2019-06-11,137046.65
C00703975,"Biden, Joseph R. Jr.",2019-06-12,190304.65
C00703975,"Biden, Joseph R. Jr.",2019-06-13,205850
C00703975,"Biden, Joseph R. Jr.",2019-06-14,128264.69
C00703975,"Biden, Joseph R. Jr.",2019-06-15,57179
C00703975,"Biden, Joseph R. Jr.",2019-06-16,42005.65
C00703975,"Biden, Joseph R. Jr.",2019-06-17,307843
C00703975,"Biden, Joseph R. Jr.",2019-06-18,224150.62
C00703975,"Biden, Joseph R. Jr.",2019-06-19,175643
C00703975,"Biden, Joseph R. Jr.",2019-06-20,84365.93
C00703975,"Biden, Joseph R. Jr.",2019-06-21,96060.95
C00703975,"Biden, Joseph R. Jr.",2019-06-22,41964.65
C00703975,"Biden, Joseph R. Jr.",2019-06-23,60481.19
C00703975,"Biden, Joseph R. Jr.",2019-06-24,109739.76
C00703975,"Biden, Joseph R. Jr.",2019-06-25,139394.91
C00703975,"Biden, Joseph R. Jr.",2019-06-26,127449.75
C00703975,"Biden, Joseph R. Jr.",2019-06-27,121486.64
C00703975,"Biden, Joseph R. Jr.",2019-06-28,206414.95
C00703975,"Biden, Joseph R. Jr.",2019-06-29,111836.11
C00703975,"Biden, Joseph R. Jr.",2019-06-30,38031.45
C00695510,"Booker, Cory A.",2019-04-01,26001.8
C00695510,"Booker, Cory A.",2019-04-02,22935
C00695510,"Booker, Cory A.",2019-04-03,22013.06
C00695510,"Booker, Cory A.",2019-04-04,28414
C00695510,"Booker, Cory A.",2019-04-05,31424.2
C00695510,"Booker, Cory A.",2019-04-06,10508
C00695510,"Booker, Cory A.",2019-04-07,12032.8
C00695510,"Booker, Cory A.",2019-04-08,45579.59
C00695510,"Booker, Cory A.",2019-04-09,38308
C00695510,"Booker, Cory A.",2019-04-10,24466
C00695510,"Booker, Cory A.",2019-04-11,30897.25
C00695510,"Booker, Cory A.",2019-04-12,36935.23
C00695510,"Booker, Cory A.",2019-04-13,26611.28
C00695510,"Booker, Cory A.",2019-04-14,5819.32
C00695510,"Booker, Cory A.",2019-04-15,12137.88
C00695510,"Booker, Cory A.",2019-04-16,32517.28
C00695510,"Booker, Cory A.",2019-04-17,32623.2
C00695510,"Booker, Cory A.",2019-04-18,30112.6
C00695510,"Booker, Cory A.",2019-04-19,5418
C00695510,"Booker, Cory A.",2019-04-20,6340.6
C00695510,"Booker, Cory A.",2019-04-21,2346.11
C00695510,"Booker, Cory A.",2019-04-22,30146.2
C00695510,"Booker, Cory A.",2019-04-23,69389.27
C00695510,"Booker, Cory A.",2019-04-24,17287.15
C00695510,"Booker, Cory A.",2019-04-25,42259.6
C00695510,"Booker, Cory A.",2019-04-26,17639.53
C00695510,"Booker, Cory A.",2019-04-27,11852.2
C00695510,"Booker, Cory A.",2019-04-28,12446.2
C00695510,"Booker, Cory A.",2019-04-29,13865.2
C00695510,"Booker, Cory A.",2019-04-30,43088.8
C00695510,"Booker, Cory A.",2019-05-01,20501.25
C00695510,"Booker, Cory A.",2019-05-02,24570.2
C00695510,"Booker, Cory A.",2019-05-03,29687.2
C00695510,"Booker, Cory A.",2019-05-04,17259.2
C00695510,"Booker, Cory A.",2019-05-05,16077.8
C00695510,"Booker, Cory A.",2019-05-06,31795.31
C00695510,"Booker, Cory A.",2019-05-07,47176.61
C00695510,"Booker, Cory A.",2019-05-08,25876.6
C00695510,"Booker, Cory A.",2019-05-09,26622.85
C00695510,"Booker, Cory A.",2019-05-10,14809
C00695510,"Booker, Cory A.",2019-05-11,10763.6
C00695510,"Booker, Cory A.",2019-05-12,6737.4
C00695510,"Booker, Cory A.",2019-05-13,30603.2
C00695510,"Booker, Cory A.",2019-05-14,50663.8
C00695510,"Booker, Cory A.",2019-05-15,41342.2
C00695510,"Booker, Cory A.",2019-05-16,50060.29
C00695510,"Booker, Cory A.",2019-05-17,37131.42
C00695510,"Booker, Cory A.",2019-05-18,16929.73
C00695510,"Booker, Cory A.",2019-05-19,8226.05
C00695510,"Booker, Cory A.",2019-05-20,40635.28
C00695510,"Booker, Cory A.",2019-05-21,36204.06
C00695510,"Booker, Cory A.",2019-05-22,37599.02
C00695510,"Booker, Cory A.",2019-05-23,26745.85
C00695510,"Booker, Cory A.",2019-05-24,29644.05
C00695510,"Booker, Cory A.",2019-05-25,8423.4
C00695510,"Booker, Cory A.",2019-05-26,16762.4
C00695510,"Booker, Cory A.",2019-05-27,16861.2
C00695510,"Booker, Cory A.",2019-05-28,94620.65
C00695510,"Booker, Cory A.",2019-05-29,66328.03
C00695510,"Booker, Cory A.",2019-05-30,39345.52
C00695510,"Booker, Cory A.",2019-05-31,58513.08
C00695510,"Booker, Cory A.",2019-06-01,32473.3
C00695510,"Booker, Cory A.",2019-06-02,9330.2
C00695510,"Booker, Cory A.",2019-06-03,37593.3
C00695510,"Booker, Cory A.",2019-06-04,63254.8
C00695510,"Booker, Cory A.",2019-06-05,52026.18
C00695510,"Booker, Cory A.",2019-06-06,55953.13
C00695510,"Booker, Cory A.",2019-06-07,21466.95
C00695510,"Booker, Cory A.",2019-06-08,15727.7
C00695510,"Booker, Cory A.",2019-06-09,10474.83
C00695510,"Booker, Cory A.",2019-06-10,45459.6
C00695510,"Booker, Cory A.",2019-06-11,37962
C00695510,"Booker, Cory A.",2019-06-12,39556.6
C00695510,"Booker, Cory A.",2019-06-13,74714.5
C00695510,"Booker, Cory A.",2019-06-14,45838.8
C00695510,"Booker, Cory A.",2019-06-15,7294.4
C00695510,"Booker, Cory A.",2019-06-16,3782.4
C00695510,"Booker, Cory A.",2019-06-17,52310.73
C00695510,"Booker, Cory A.",2019-06-18,33355.6
C00695510,"Booker, Cory A.",2019-06-19,50771
C00695510,"Booker, Cory A.",2019-06-20,35885.08
C00695510,"Booker, Cory A.",2019-06-21,56920
C00695510,"Booker, Cory A.",2019-06-22,4009.8
C00695510,"Booker, Cory A.",2019-06-23,9566
C00695510,"Booker, Cory A.",2019-06-24,40960.4
C00695510,"Booker, Cory A.",2019-06-25,53582.2
C00695510,"Booker, Cory A.",2019-06-26,59190.8
C00695510,"Booker, Cory A.",2019-06-27,86944.21
C00695510,"Booker, Cory A.",2019-06-28,126547.46
C00695510,"Booker, Cory A.",2019-06-29,101082.6
C00695510,"Booker, Cory A.",2019-06-30,133262.8
C00706416,"Bullock, Steve",2019-05-06,5600
C00706416,"Bullock, Steve",2019-05-08,19600
C00706416,"Bullock, Steve",2019-05-09,18050
C00706416,"Bullock, Steve",2019-05-10,3550
C00706416,"Bullock, Steve",2019-05-11,8400
C00706416,"Bullock, Steve",2019-05-12,32050
C00706416,"Bullock, Steve",2019-05-13,102750
C00706416,"Bullock, Steve",2019-05-14,339143.3
C00706416,"Bullock, Steve",2019-05-15,136226
C00706416,"Bullock, Steve",2019-05-16,65246
C00706416,"Bullock, Steve",2019-05-17,18893
C00706416,"Bullock, Steve",2019-05-18,11331
C00706416,"Bullock, Steve",2019-05-19,12331
C00706416,"Bullock, Steve",2019-05-20,24264
C00706416,"Bullock, Steve",2019-05-21,23125
C00706416,"Bullock, Steve",2019-05-22,13390
C00706416,"Bullock, Steve",2019-05-23,12735
C00706416,"Bullock, Steve",2019-05-24,12504
C00706416,"Bullock, Steve",2019-05-25,9942
C00706416,"Bullock, Steve",2019-05-26,1901
C00706416,"Bullock, Steve",2019-05-27,7721
C00706416,"Bullock, Steve",2019-05-28,37216
C00706416,"Bullock, Steve",2019-05-29,17303
C00706416,"Bullock, Steve",2019-05-30,27443.86
C00706416,"Bullock, Steve",2019-05-31,26000
C00706416,"Bullock, Steve",2019-06-01,8038
C00706416,"Bullock, Steve",2019-06-02,1550
C00706416,"Bullock, Steve",2019-06-03,92673
C00706416,"Bullock, Steve",2019-06-04,17056
C00706416,"Bullock, Steve",2019-06-05,10201
C00706416,"Bullock, Steve",2019-06-06,8443
C00706416,"Bullock, Steve",2019-06-07,22109
C00706416,"Bullock, Steve",2019-06-08,5187
C00706416,"Bullock, Steve",2019-06-09,5663
C00706416,"Bullock, Steve",2019-06-10,9229
C00706416,"Bullock, Steve",2019-06-11,21761
C00706416,"Bullock, Steve",2019-06-12,11788
C00706416,"Bullock, Steve",2019-06-13,12508
C00706416,"Bullock, Steve",2019-06-14,10283
C00706416,"Bullock, Steve",2019-06-15,5296
C00706416,"Bullock, Steve",2019-06-16,2313
C00706416,"Bullock, Steve",2019-06-17,8931
C00706416,"Bullock, Steve",2019-06-18,9913
C00706416,"Bullock, Steve",2019-06-19,15866.14
C00706416,"Bullock, Steve",2019-06-20,10010
C00706416,"Bullock, Steve",2019-06-21,10761
C00706416,"Bullock, Steve",2019-06-22,1968.21
C00706416,"Bullock, Steve",2019-06-23,3893.97
C00706416,"Bullock, Steve",2019-06-24,5089.71
C00706416,"Bullock, Steve",2019-06-25,23655
C00706416,"Bullock, Steve",2019-06-26,16290
C00706416,"Bullock, Steve",2019-06-27,9569
C00706416,"Bullock, Steve",2019-06-28,53016
C00706416,"Bullock, Steve",2019-06-29,67140.19
C00706416,"Bullock, Steve",2019-06-30,122703.71
C00697441,"Buttigieg, Pete",2019-04-01,178477.46
C00697441,"Buttigieg, Pete",2019-04-02,152175.65
C00697441,"Buttigieg, Pete",2019-04-03,89613.03
C00697441,"Buttigieg, Pete",2019-04-04,171699.28
C00697441,"Buttigieg, Pete",2019-04-05,91038.9
C00697441,"Buttigieg, Pete",2019-04-06,63691.05
C00697441,"Buttigieg, Pete",2019-04-07,97807.95
C00697441,"Buttigieg, Pete",2019-04-08,109110.23
C00697441,"Buttigieg, Pete",2019-04-09,163414.95
C00697441,"Buttigieg, Pete",2019-04-10,96609.02
C00697441,"Buttigieg, Pete",2019-04-11,120624.71
C00697441,"Buttigieg, Pete",2019-04-12,157646.76
C00697441,"Buttigieg, Pete",2019-04-13,154506.13
C00697441,"Buttigieg, Pete",2019-04-14,813724.74
C00697441,"Buttigieg, Pete",2019-04-15,440942.78
C00697441,"Buttigieg, Pete",2019-04-16,331947.97
C00697441,"Buttigieg, Pete",2019-04-17,267348.1
C00697441,"Buttigieg, Pete",2019-04-18,223298.73
C00697441,"Buttigieg, Pete",2019-04-19,157585.51
C00697441,"Buttigieg, Pete",2019-04-20,134999.57
C00697441,"Buttigieg, Pete",2019-04-21,85165.92
C00697441,"Buttigieg, Pete",2019-04-22,175793.66
C00697441,"Buttigieg, Pete",2019-04-23,239382.95
C00697441,"Buttigieg, Pete",2019-04-24,192884.22
C00697441,"Buttigieg, Pete",2019-04-25,170256.5
C00697441,"Buttigieg, Pete",2019-04-26,202623.77
C00697441,"Buttigieg, Pete",2019-04-27,95957.92
C00697441,"Buttigieg, Pete",2019-04-28,98390.31
C00697441,"Buttigieg, Pete",2019-04-29,175416.54
C00697441,"Buttigieg, Pete",2019-04-30,256626.57
C00697441,"Buttigieg, Pete",2019-05-01,182447.32
C00697441,"Buttigieg, Pete",2019-05-02,203835.54
C00697441,"Buttigieg, Pete",2019-05-03,120502.72
C00697441,"Buttigieg, Pete",2019-05-04,111835.29
C00697441,"Buttigieg, Pete",2019-05-05,81653.19
C00697441,"Buttigieg, Pete",2019-05-06,179091.72
C00697441,"Buttigieg, Pete",2019-05-07,188248.46
C00697441,"Buttigieg, Pete",2019-05-08,125803.91
C00697441,"Buttigieg, Pete",2019-05-09,75313.45
C00697441,"Buttigieg, Pete",2019-05-10,116471.3
C00697441,"Buttigieg, Pete",2019-05-11,68863.78
C00697441,"Buttigieg, Pete",2019-05-12,47321.75
C00697441,"Buttigieg, Pete",2019-05-13,151221.32
C00697441,"Buttigieg, Pete",2019-05-14,167190.53
C00697441,"Buttigieg, Pete",2019-05-15,132343.09
C00697441,"Buttigieg, Pete",2019-05-16,149389.01
C00697441,"Buttigieg, Pete",2019-05-17,161389.76
C00697441,"Buttigieg, Pete",2019-05-18,100414
C00697441,"Buttigieg, Pete",2019-05-19,89258.66
C00697441,"Buttigieg, Pete",2019-05-20,230839.97
C00697441,"Buttigieg, Pete",2019-05-21,170004.4
C00697441,"Buttigieg, Pete",2019-05-22,136935.47
C00697441,"Buttigieg, Pete",2019-05-23,184024.97
C00697441,"Buttigieg, Pete",2019-05-24,118452.27
C00697441,"Buttigieg, Pete",2019-05-25,54593.64
C00697441,"Buttigieg, Pete",2019-05-26,95918.05
C00697441,"Buttigieg, Pete",2019-05-27,66244.03
C00697441,"Buttigieg, Pete",2019-05-28,122642.63
C00697441,"Buttigieg, Pete",2019-05-29,145640.8
C00697441,"Buttigieg, Pete",2019-05-30,177847.57
C00697441,"Buttigieg, Pete",2019-05-31,106829.55
C00697441,"Buttigieg, Pete",2019-06-01,78419.84
C00697441,"Buttigieg, Pete",2019-06-02,80357.1
C00697441,"Buttigieg, Pete",2019-06-03,128595.07
C00697441,"Buttigieg, Pete",2019-06-04,85696.03
C00697441,"Buttigieg, Pete",2019-06-05,78068.07
C00697441,"Buttigieg, Pete",2019-06-06,100809.64
C00697441,"Buttigieg, Pete",2019-06-07,83130.78
C00697441,"Buttigieg, Pete",2019-06-08,43997.69
C00697441,"Buttigieg, Pete",2019-06-09,90444.95
C00697441,"Buttigieg, Pete",2019-06-10,130234.18
C00697441,"Buttigieg, Pete",2019-06-11,162591.75
C00697441,"Buttigieg, Pete",2019-06-12,163605.68
C00697441,"Buttigieg, Pete",2019-06-13,150856.58
C00697441,"Buttigieg, Pete",2019-06-14,230436.81
C00697441,"Buttigieg, Pete",2019-06-15,99443.33
C00697441,"Buttigieg, Pete",2019-06-16,51507.31
C00697441,"Buttigieg, Pete",2019-06-17,205019.52
C00697441,"Buttigieg, Pete",2019-06-18,152579.24
C00697441,"Buttigieg, Pete",2019-06-19,97152.61
C00697441,"Buttigieg, Pete",2019-06-20,98512.86
C00697441,"Buttigieg, Pete",2019-06-21,47358
C00697441,"Buttigieg, Pete",2019-06-22,69247.56
C00697441,"Buttigieg, Pete",2019-06-23,47219.48
C00697441,"Buttigieg, Pete",2019-06-24,57726.62
C00697441,"Buttigieg, Pete",2019-06-25,56842.9
C00697441,"Buttigieg, Pete",2019-06-26,119087.55
C00697441,"Buttigieg, Pete",2019-06-27,263168.35
C00697441,"Buttigieg, Pete",2019-06-28,361853.38
C00697441,"Buttigieg, Pete",2019-06-29,299034.16
C00697441,"Buttigieg, Pete",2019-06-30,312034.97
C00693044,"Castro, Julian",2019-04-01,12276.23
C00693044,"Castro, Julian",2019-04-02,8520.55
C00693044,"Castro, Julian",2019-04-03,12246.15
C00693044,"Castro, Julian",2019-04-04,3761
C00693044,"Castro, Julian",2019-04-05,4109
C00693044,"Castro, Julian",2019-04-06,4934.21
C00693044,"Castro, Julian",2019-04-07,1802.66
C00693044,"Castro, Julian",2019-04-08,2751
C00693044,"Castro, Julian",2019-04-09,2610.2
C00693044,"Castro, Julian",2019-04-10,-1437.97
C00693044,"Castro, Julian",2019-04-11,4827.2
C00693044,"Castro, Julian",2019-04-12,6404
C00693044,"Castro, Julian",2019-04-13,1654
C00693044,"Castro, Julian",2019-04-14,5331
C00693044,"Castro, Julian",2019-04-15,4416.09
C00693044,"Castro, Julian",2019-04-16,4032.5
C00693044,"Castro, Julian",2019-04-17,8485.3
C00693044,"Castro, Julian",2019-04-18,3115
C00693044,"Castro, Julian",2019-04-19,1515
C00693044,"Castro, Julian",2019-04-20,2391.1
C00693044,"Castro, Julian",2019-04-21,3925
C00693044,"Castro, Julian",2019-04-22,7174.15
C00693044,"Castro, Julian",2019-04-23,2682.65
C00693044,"Castro, Julian",2019-04-24,1464.8
C00693044,"Castro, Julian",2019-04-25,5088.58
C00693044,"Castro, Julian",2019-04-26,2719
C00693044,"Castro, Julian",2019-04-27,8087.42
C00693044,"Castro, Julian",2019-04-28,4663.49
C00693044,"Castro, Julian",2019-04-29,6328.03
C00693044,"Castro, Julian",2019-04-30,8460.38
C00693044,"Castro, Julian",2019-05-01,915
C00693044,"Castro, Julian",2019-05-02,120962.5
C00693044,"Castro, Julian",2019-05-03,4870.8
C00693044,"Castro, Julian",2019-05-04,3771
C00693044,"Castro, Julian",2019-05-05,2505
C00693044,"Castro, Julian",2019-05-06,8725
C00693044,"Castro, Julian",2019-05-07,3763
C00693044,"Castro, Julian",2019-05-08,16571
C00693044,"Castro, Julian",2019-05-09,12061
C00693044,"Castro, Julian",2019-05-10,1913
C00693044,"Castro, Julian",2019-05-11,2559
C00693044,"Castro, Julian",2019-05-12,888.75
C00693044,"Castro, Julian",2019-05-13,6316
C00693044,"Castro, Julian",2019-05-14,5816.15
C00693044,"Castro, Julian",2019-05-15,2152.93
C00693044,"Castro, Julian",2019-05-16,6326.66
C00693044,"Castro, Julian",2019-05-17,4950.85
C00693044,"Castro, Julian",2019-05-18,3704
C00693044,"Castro, Julian",2019-05-19,1806
C00693044,"Castro, Julian",2019-05-20,2199
C00693044,"Castro, Julian",2019-05-21,574
C00693044,"Castro, Julian",2019-05-22,3740
C00693044,"Castro, Julian",2019-05-23,3183.59
C00693044,"Castro, Julian",2019-05-24,1819
C00693044,"Castro, Julian",2019-05-25,2003
C00693044,"Castro, Julian",2019-05-26,391.85
C00693044,"Castro, Julian",2019-05-27,2837.09
C00693044,"Castro, Julian",2019-05-28,1847.15
C00693044,"Castro, Julian",2019-05-29,3470
C00693044,"Castro, Julian",2019-05-30,5298
C00693044,"Castro, Julian",2019-05-31,9450
C00693044,"Castro, Julian",2019-06-01,1138
C00693044,"Castro, Julian",2019-06-02,1256
C00693044,"Castro, Julian",2019-06-03,2003
C00693044,"Castro, Julian",2019-06-04,1539.02
C00693044,"Castro, Julian",2019-06-05,3830
C00693044,"Castro, Julian",2019-06-06,2150
C00693044,"Castro, Julian",2019-06-07,478
C00693044,"Castro, Julian",2019-06-08,651
C00693044,"Castro, Julian",2019-06-09,2645.11
C00693044,"Castro, Julian",2019-06-10,4412.34
C00693044,"Castro, Julian",2019-06-11,911.8
C00693044,"Castro, Julian",2019-06-12,5507
C00693044,"Castro, Julian",2019-06-13,2896
C00693044,"Castro, Julian",2019-06-14,1856
C00693044,"Castro, Julian",2019-06-15,1628
C00693044,"Castro, Julian",2019-06-16,1369.76
C00693044,"Castro, Julian",2019-06-17,1029.8
C00693044,"Castro, Julian",2019-06-18,1981.14
C00693044,"Castro, Julian",2019-06-19,20356
C00693044,"Castro, Julian",2019-06-20,8811.97
C00693044,"Castro, Julian",2019-06-21,3347
C00693044,"Castro, Julian",2019-06-22,2243
C00693044,"Castro, Julian",2019-06-23,1441
C00693044,"Castro, Julian",2019-06-24,-4393
C00693044,"Castro, Julian",2019-06-25,14411.52
C00693044,"Castro, Julian",2019-06-26,17082.67
C00693044,"Castro, Julian",2019-06-27,55012.37
C00693044,"Castro, Julian",2019-06-28,47345.22
C00693044,"Castro, Julian",2019-06-29,45185.46
C00693044,"Castro, Julian",2019-06-30,55881.1
C00706697,"de Blasio, Bill",2019-05-16,7778
C00706697,"de Blasio, Bill",2019-05-17,1550
C00706697,"de Blasio, Bill",2019-05-18,8400
C00706697,"de Blasio, Bill",2019-05-19,2500
C00706697,"de Blasio, Bill",2019-05-20,1000
C00706697,"de Blasio, Bill",2019-05-21,3400
C00706697,"de Blasio, Bill",2019-05-22,3050
C00706697,"de Blasio, Bill",2019-05-23,5750
C00706697,"de Blasio, Bill",2019-05-24,2850
C00706697,"de Blasio, Bill",2019-05-27,3801
C00706697,"de Blasio, Bill",2019-05-29,350
C00706697,"de Blasio, Bill",2019-05-30,5650
C00706697,"de Blasio, Bill",2019-05-31,18950
C00706697,"de Blasio, Bill",2019-06-01,3950
C00706697,"de Blasio, Bill",2019-06-02,2800
C00706697,"de Blasio, Bill",2019-06-03,14000
C00706697,"de Blasio, Bill",2019-06-04,5851
C00706697,"de Blasio, Bill",2019-06-05,9400
C00706697,"de Blasio, Bill",2019-06-06,19850
C00706697,"de Blasio, Bill",2019-06-07,8410
C00706697,"de Blasio, Bill",2019-06-08,250
C00706697,"de Blasio, Bill",2019-06-09,3800
C00706697,"de Blasio, Bill",2019-06-10,14605
C00706697,"de Blasio, Bill",2019-06-11,26575
C00706697,"de Blasio, Bill",2019-06-12,2800
C00706697,"de Blasio, Bill",2019-06-13,4050
C00706697,"de Blasio, Bill",2019-06-14,5600
C00706697,"de Blasio, Bill",2019-06-15,500
C00706697,"de Blasio, Bill",2019-06-16,1025
C00706697,"de Blasio, Bill",2019-06-17,18135
C00706697,"de Blasio, Bill",2019-06-18,11250
C00706697,"de Blasio, Bill",2019-06-19,15200
C00706697,"de Blasio, Bill",2019-06-20,14900
C00706697,"de Blasio, Bill",2019-06-21,32700
C00706697,"de Blasio, Bill",2019-06-23,1750
C00706697,"de Blasio, Bill",2019-06-24,13260
C00706697,"de Blasio, Bill",2019-06-25,11900
C00706697,"de Blasio, Bill",2019-06-26,43800
C00706697,"de Blasio, Bill",2019-06-27,85250
C00706697,"de Blasio, Bill",2019-06-28,139450
C00706697,"de Blasio, Bill",2019-06-29,136225
C00706697,"de Blasio, Bill",2019-06-30,248175
C00508416,"Delaney, John K.",2019-04-01,4125
C00508416,"Delaney, John K.",2019-04-02,16060
C00508416,"Delaney, John K.",2019-04-03,4500
C00508416,"Delaney, John K.",2019-04-04,6850
C00508416,"Delaney, John K.",2019-04-05,8783
C00508416,"Delaney, John K.",2019-04-06,50
C00508416,"Delaney, John K.",2019-04-07,1070.2
C00508416,"Delaney, John K.",2019-04-08,6184
C00508416,"Delaney, John K.",2019-04-09,4645.2
C00508416,"Delaney, John K.",2019-04-10,8405.2
C00508416,"Delaney, John K.",2019-04-11,1392
C00508416,"Delaney, John K.",2019-04-12,310
C00508416,"Delaney, John K.",2019-04-13,276
C00508416,"Delaney, John K.",2019-04-14,25
C00508416,"Delaney, John K.",2019-04-15,2300
C00508416,"Delaney, John K.",2019-04-16,9300
C00508416,"Delaney, John K.",2019-04-17,2425
C00508416,"Delaney, John K.",2019-04-18,500
C00508416,"Delaney, John K.",2019-04-19,2855
C00508416,"Delaney, John K.",2019-04-20,500
C00508416,"Delaney, John K.",2019-04-22,4294
C00508416,"Delaney, John K.",2019-04-23,1500
C00508416,"Delaney, John K.",2019-04-26,1540
C00508416,"Delaney, John K.",2019-04-27,960
C00508416,"Delaney, John K.",2019-04-28,3031
C00508416,"Delaney, John K.",2019-04-29,-2515
C00508416,"Delaney, John K.",2019-04-30,260
C00508416,"Delaney, John K.",2019-05-01,-50
C00508416,"Delaney, John K.",2019-05-02,2035
C00508416,"Delaney, John K.",2019-05-05,233.71
C00508416,"Delaney, John K.",2019-05-06,1050
C00508416,"Delaney, John K.",2019-05-07,3770.2
C00508416,"Delaney, John K.",2019-05-08,601
C00508416,"Delaney, John K.",2019-05-09,2825
C00508416,"Delaney, John K.",2019-05-10,1230
C00508416,"Delaney, John K.",2019-05-11,1135
C00508416,"Delaney, John K.",2019-05-12,60
C00508416,"Delaney, John K.",2019-05-13,1575
C00508416,"Delaney, John K.",2019-05-14,1025
C00508416,"Delaney, John K.",2019-05-15,7450
C00508416,"Delaney, John K.",2019-05-16,3258.4
C00508416,"Delaney, John K.",2019-05-17,25
C00508416,"Delaney, John K.",2019-05-18,2800
C00508416,"Delaney, John K.",2019-05-19,55
C00508416,"Delaney, John K.",2019-05-20,4850
C00508416,"Delaney, John K.",2019-05-21,2500
C00508416,"Delaney, John K.",2019-05-22,5
C00508416,"Delaney, John K.",2019-05-23,50
C00508416,"Delaney, John K.",2019-05-25,56
C00508416,"Delaney, John K.",2019-05-27,250
C00508416,"Delaney, John K.",2019-05-28,86
C00508416,"Delaney, John K.",2019-05-29,260
C00508416,"Delaney, John K.",2019-05-30,1400
C00508416,"Delaney, John K.",2019-05-31,4926
C00508416,"Delaney, John K.",2019-06-01,380
C00508416,"Delaney, John K.",2019-06-02,5
C00508416,"Delaney, John K.",2019-06-03,5641.32
C00508416,"Delaney, John K.",2019-06-04,603
C00508416,"Delaney, John K.",2019-06-05,7451
C00508416,"Delaney, John K.",2019-06-06,7590
C00508416,"Delaney, John K.",2019-06-07,4071.2
C00508416,"Delaney, John K.",2019-06-08,3186
C00508416,"Delaney, John K.",2019-06-09,75
C00508416,"Delaney, John K.",2019-06-10,2875
C00508416,"Delaney, John K.",2019-06-11,6901.89
C00508416,"Delaney, John K.",2019-06-12,762
C00508416,"Delaney, John K.",2019-06-13,7535
C00508416,"Delaney, John K.",2019-06-14,1412
C00508416,"Delaney, John K.",2019-06-15,100
C00508416,"Delaney, John K.",2019-06-17,275
C00508416,"Delaney, John K.",2019-06-18,500
C00508416,"Delaney, John K.",2019-06-19,55
C00508416,"Delaney, John K.",2019-06-20,5065
C00508416,"Delaney, John K.",2019-06-21,775
C00508416,"Delaney, John K.",2019-06-22,10
C00508416,"Delaney, John K.",2019-06-23,50
C00508416,"Delaney, John K.",2019-06-25,550
C00508416,"Delaney, John K.",2019-06-26,250
C00508416,"Delaney, John K.",2019-06-27,2875
C00508416,"Delaney, John K.",2019-06-28,1691
C00508416,"Delaney, John K.",2019-06-29,965
C00508416,"Delaney, John K.",2019-06-30,4352.68
C00693713,"Gabbard, Tulsi",2019-04-02,12207
C00693713,"Gabbard, Tulsi",2019-04-04,3740.98
C00693713,"Gabbard, Tulsi",2019-04-05,108
C00693713,"Gabbard, Tulsi",2019-04-06,27
C00693713,"Gabbard, Tulsi",2019-04-07,3106.46
C00693713,"Gabbard, Tulsi",2019-04-08,1000
C00693713,"Gabbard, Tulsi",2019-04-09,6446
C00693713,"Gabbard, Tulsi",2019-04-11,5617
C00693713,"Gabbard, Tulsi",2019-04-12,138
C00693713,"Gabbard, Tulsi",2019-04-14,13271.29
C00693713,"Gabbard, Tulsi",2019-04-15,500
C00693713,"Gabbard, Tulsi",2019-04-16,2773
C00693713,"Gabbard, Tulsi",2019-04-17,104.93
C00693713,"Gabbard, Tulsi",2019-04-18,1896.99
C00693713,"Gabbard, Tulsi",2019-04-19,200
C00693713,"Gabbard, Tulsi",2019-04-20,950
C00693713,"Gabbard, Tulsi",2019-04-21,8857.09
C00693713,"Gabbard, Tulsi",2019-04-22,100
C00693713,"Gabbard, Tulsi",2019-04-23,800.97
C00693713,"Gabbard, Tulsi",2019-04-24,3800
C00693713,"Gabbard, Tulsi",2019-04-25,3432.97
C00693713,"Gabbard, Tulsi",2019-04-27,200
C00693713,"Gabbard, Tulsi",2019-04-28,7273.04
C00693713,"Gabbard, Tulsi",2019-04-29,500
C00693713,"Gabbard, Tulsi",2019-04-30,3501.58
C00693713,"Gabbard, Tulsi",2019-05-01,110
C00693713,"Gabbard, Tulsi",2019-05-02,5078.45
C00693713,"Gabbard, Tulsi",2019-05-03,650
C00693713,"Gabbard, Tulsi",2019-05-04,950
C00693713,"Gabbard, Tulsi",2019-05-05,2594.99
C00693713,"Gabbard, Tulsi",2019-05-06,1900
C00693713,"Gabbard, Tulsi",2019-05-07,10475.6
C00693713,"Gabbard, Tulsi",2019-05-09,12620.97
C00693713,"Gabbard, Tulsi",2019-05-10,600
C00693713,"Gabbard, Tulsi",2019-05-12,11499.1
C00693713,"Gabbard, Tulsi",2019-05-13,100
C00693713,"Gabbard, Tulsi",2019-05-14,7072.69
C00693713,"Gabbard, Tulsi",2019-05-15,300
C00693713,"Gabbard, Tulsi",2019-05-16,10418.11
C00693713,"Gabbard, Tulsi",2019-05-17,-5389.35
C00693713,"Gabbard, Tulsi",2019-05-19,17545.39
C00693713,"Gabbard, Tulsi",2019-05-20,4400
C00693713,"Gabbard, Tulsi",2019-05-21,13395.95
C00693713,"Gabbard, Tulsi",2019-05-22,1527
C00693713,"Gabbard, Tulsi",2019-05-23,11247.19
C00693713,"Gabbard, Tulsi",2019-05-25,65
C00693713,"Gabbard, Tulsi",2019-05-26,9657.99
C00693713,"Gabbard, Tulsi",2019-05-27,100
C00693713,"Gabbard, Tulsi",2019-05-28,4829
C00693713,"Gabbard, Tulsi",2019-05-29,1375
C00693713,"Gabbard, Tulsi",2019-05-30,6610.95
C00693713,"Gabbard, Tulsi",2019-05-31,5490.96
C00693713,"Gabbard, Tulsi",2019-06-02,3525.94
C00693713,"Gabbard, Tulsi",2019-06-03,175
C00693713,"Gabbard, Tulsi",2019-06-04,-2585.02
C00693713,"Gabbard, Tulsi",2019-06-05,300
C00693713,"Gabbard, Tulsi",2019-06-06,6407.19
C00693713,"Gabbard, Tulsi",2019-06-07,101
C00693713,"Gabbard, Tulsi",2019-06-08,23197
C00693713,"Gabbard, Tulsi",2019-06-09,13262.18
C00693713,"Gabbard, Tulsi",2019-06-10,625
C00693713,"Gabbard, Tulsi",2019-06-11,13977.96
C00693713,"Gabbard, Tulsi",2019-06-12,2950
C00693713,"Gabbard, Tulsi",2019-06-13,8861.46
C00693713,"Gabbard, Tulsi",2019-06-16,10253.95
C00693713,"Gabbard, Tulsi",2019-06-17,690
C00693713,"Gabbard, Tulsi",2019-06-18,2691.91
C00693713,"Gabbard, Tulsi",2019-06-19,52
C00693713,"Gabbard, Tulsi",2019-06-20,3035.95
C00693713,"Gabbard, Tulsi",2019-06-21,200
C00693713,"Gabbard, Tulsi",2019-06-22,27
C00693713,"Gabbard, Tulsi",2019-06-23,13891
C00693713,"Gabbard, Tulsi",2019-06-24,956.0500000000001
C00693713,"Gabbard, Tulsi",2019-06-25,6929.24
C00693713,"Gabbard, Tulsi",2019-06-26,1619.9
C00693713,"Gabbard, Tulsi",2019-06-27,52944.48
C00693713,"Gabbard, Tulsi",2019-06-28,2213.02
C00693713,"Gabbard, Tulsi",2019-06-29,11225.1
C00693713,"Gabbard, Tulsi",2019-06-30,68692.54
C00694018,"Gillibrand, Kirsten",2019-04-01,23590.45
C00694018,"Gillibrand, Kirsten",2019-04-02,17778.15
C00694018,"Gillibrand, Kirsten",2019-04-03,13996.24
C00694018,"Gillibrand, Kirsten",2019-04-04,13143.45
C00694018,"Gillibrand, Kirsten",2019-04-05,17357.49
C00694018,"Gillibrand, Kirsten",2019-04-06,3810
C00694018,"Gillibrand, Kirsten",2019-04-07,6296.5
C00694018,"Gillibrand, Kirsten",2019-04-08,15363.76
C00694018,"Gillibrand, Kirsten",2019-04-09,29782
C00694018,"Gillibrand, Kirsten",2019-04-10,21225
C00694018,"Gillibrand, Kirsten",2019-04-11,15776.49
C00694018,"Gillibrand, Kirsten",2019-04-12,32818.45
C00694018,"Gillibrand, Kirsten",2019-04-13,3457.82
C00694018,"Gillibrand, Kirsten",2019-04-14,6638.5
C00694018,"Gillibrand, Kirsten",2019-04-15,36105.8
C00694018,"Gillibrand, Kirsten",2019-04-16,21470.86
C00694018,"Gillibrand, Kirsten",2019-04-17,13725
C00694018,"Gillibrand, Kirsten",2019-04-18,15104.45
C00694018,"Gillibrand, Kirsten",2019-04-19,12855.66
C00694018,"Gillibrand, Kirsten",2019-04-20,1402.58
C00694018,"Gillibrand, Kirsten",2019-04-21,2081
C00694018,"Gillibrand, Kirsten",2019-04-22,15635
C00694018,"Gillibrand, Kirsten",2019-04-23,22203.65
C00694018,"Gillibrand, Kirsten",2019-04-24,21201.9
C00694018,"Gillibrand, Kirsten",2019-04-25,18514.45
C00694018,"Gillibrand, Kirsten",2019-04-26,22672
C00694018,"Gillibrand, Kirsten",2019-04-27,4001.32
C00694018,"Gillibrand, Kirsten",2019-04-28,2203
C00694018,"Gillibrand, Kirsten",2019-04-29,19924
C00694018,"Gillibrand, Kirsten",2019-04-30,7710
C00694018,"Gillibrand, Kirsten",2019-05-01,16837
C00694018,"Gillibrand, Kirsten",2019-05-02,10228.45
C00694018,"Gillibrand, Kirsten",2019-05-03,13573
C00694018,"Gillibrand, Kirsten",2019-05-04,11736.76
C00694018,"Gillibrand, Kirsten",2019-05-05,13361.38
C00694018,"Gillibrand, Kirsten",2019-05-06,14677.95
C00694018,"Gillibrand, Kirsten",2019-05-07,12328.45
C00694018,"Gillibrand, Kirsten",2019-05-08,8205
C00694018,"Gillibrand, Kirsten",2019-05-09,10180
C00694018,"Gillibrand, Kirsten",2019-05-10,9063
C00694018,"Gillibrand, Kirsten",2019-05-11,5793
C00694018,"Gillibrand, Kirsten",2019-05-12,3828.82
C00694018,"Gillibrand, Kirsten",2019-05-13,7840
C00694018,"Gillibrand, Kirsten",2019-05-14,18525
C00694018,"Gillibrand, Kirsten",2019-05-15,23908
C00694018,"Gillibrand, Kirsten",2019-05-16,22378
C00694018,"Gillibrand, Kirsten",2019-05-17,34234.34
C00694018,"Gillibrand, Kirsten",2019-05-18,11335.5
C00694018,"Gillibrand, Kirsten",2019-05-19,25667.19
C00694018,"Gillibrand, Kirsten",2019-05-20,27043.49
C00694018,"Gillibrand, Kirsten",2019-05-21,32445.67
C00694018,"Gillibrand, Kirsten",2019-05-22,24269.79
C00694018,"Gillibrand, Kirsten",2019-05-23,24602.96
C00694018,"Gillibrand, Kirsten",2019-05-24,11323.7
C00694018,"Gillibrand, Kirsten",2019-05-25,3699
C00694018,"Gillibrand, Kirsten",2019-05-26,4785
C00694018,"Gillibrand, Kirsten",2019-05-27,11696
C00694018,"Gillibrand, Kirsten",2019-05-28,23835
C00694018,"Gillibrand, Kirsten",2019-05-29,36955
C00694018,"Gillibrand, Kirsten",2019-05-30,29419.49
C00694018,"Gillibrand, Kirsten",2019-05-31,24378.53
C00694018,"Gillibrand, Kirsten",2019-06-01,11390
C00694018,"Gillibrand, Kirsten",2019-06-02,8223.76
C00694018,"Gillibrand, Kirsten",2019-06-03,13220.77
C00694018,"Gillibrand, Kirsten",2019-06-04,14715.09
C00694018,"Gillibrand, Kirsten",2019-06-05,20431
C00694018,"Gillibrand, Kirsten",2019-06-06,28560.85
C00694018,"Gillibrand, Kirsten",2019-06-07,12503.43
C00694018,"Gillibrand, Kirsten",2019-06-08,2028.25
C00694018,"Gillibrand, Kirsten",2019-06-09,12158.88
C00694018,"Gillibrand, Kirsten",2019-06-10,14793
C00694018,"Gillibrand, Kirsten",2019-06-11,25910
C00694018,"Gillibrand, Kirsten",2019-06-12,4836.25
C00694018,"Gillibrand, Kirsten",2019-06-13,11382.95
C00694018,"Gillibrand, Kirsten",2019-06-14,3615.49
C00694018,"Gillibrand, Kirsten",2019-06-15,4541.88
C00694018,"Gillibrand, Kirsten",2019-06-16,10171.95
C00694018,"Gillibrand, Kirsten",2019-06-17,21574.8
C00694018,"Gillibrand, Kirsten",2019-06-18,2643.65
C00694018,"Gillibrand, Kirsten",2019-06-19,9093.02
C00694018,"Gillibrand, Kirsten",2019-06-20,7074
C00694018,"Gillibrand, Kirsten",2019-06-21,17782.95
C00694018,"Gillibrand, Kirsten",2019-06-22,4176
C00694018,"Gillibrand, Kirsten",2019-06-23,211.24
C00694018,"Gillibrand, Kirsten",2019-06-24,11747.49
C00694018,"Gillibrand, Kirsten",2019-06-25,34141.15
C00694018,"Gillibrand, Kirsten",2019-06-26,14035.98
C00694018,"Gillibrand, Kirsten",2019-06-27,25373
C00694018,"Gillibrand, Kirsten",2019-06-28,20380.49
C00694018,"Gillibrand, Kirsten",2019-06-29,9655
C00694018,"Gillibrand, Kirsten",2019-06-30,21076.4
C00694455,"Harris, Kamala D.",2019-04-01,89869.74
C00694455,"Harris, Kamala D.",2019-04-02,41586.03
C00694455,"Harris, Kamala D.",2019-04-03,52940.44
C00694455,"Harris, Kamala D.",2019-04-04,27371.06
C00694455,"Harris, Kamala D.",2019-04-05,25837.48
C00694455,"Harris, Kamala D.",2019-04-06,9982.19
C00694455,"Harris, Kamala D.",2019-04-07,13654.58
C00694455,"Harris, Kamala D.",2019-04-08,63804.2
C00694455,"Harris, Kamala D.",2019-04-09,43860.52
C00694455,"Harris, Kamala D.",2019-04-10,44765.87
C00694455,"Harris, Kamala D.",2019-04-11,40096.31
C00694455,"Harris, Kamala D.",2019-04-12,78440.22
C00694455,"Harris, Kamala D.",2019-04-13,34413.97
C00694455,"Harris, Kamala D.",2019-04-14,26423.94
C00694455,"Harris, Kamala D.",2019-04-15,39681.38
C00694455,"Harris, Kamala D.",2019-04-16,33865.97
C00694455,"Harris, Kamala D.",2019-04-17,24969.89
C00694455,"Harris, Kamala D.",2019-04-18,37373.45
C00694455,"Harris, Kamala D.",2019-04-19,22458.05
C00694455,"Harris, Kamala D.",2019-04-20,16785.52
C00694455,"Harris, Kamala D.",2019-04-21,31820.99
C00694455,"Harris, Kamala D.",2019-04-22,52852.87
C00694455,"Harris, Kamala D.",2019-04-23,47453.01
C00694455,"Harris, Kamala D.",2019-04-24,59725.87
C00694455,"Harris, Kamala D.",2019-04-25,70041.68
C00694455,"Harris, Kamala D.",2019-04-26,69870.39
C00694455,"Harris, Kamala D.",2019-04-27,46656.44
C00694455,"Harris, Kamala D.",2019-04-28,53249.12
C00694455,"Harris, Kamala D.",2019-04-29,120492.2
C00694455,"Harris, Kamala D.",2019-04-30,99614.31
C00694455,"Harris, Kamala D.",2019-05-01,104827.67
C00694455,"Harris, Kamala D.",2019-05-02,113600.95
C00694455,"Harris, Kamala D.",2019-05-03,91310.34
C00694455,"Harris, Kamala D.",2019-05-04,54649.69
C00694455,"Harris, Kamala D.",2019-05-05,36989.01
C00694455,"Harris, Kamala D.",2019-05-06,66801.18
C00694455,"Harris, Kamala D.",2019-05-07,78690.67
C00694455,"Harris, Kamala D.",2019-05-08,67266.98
C00694455,"Harris, Kamala D.",2019-05-09,79725.89
C00694455,"Harris, Kamala D.",2019-05-10,89543.31
C00694455,"Harris, Kamala D.",2019-05-11,39127.5
C00694455,"Harris, Kamala D.",2019-05-12,29194.56
C00694455,"Harris, Kamala D.",2019-05-13,62180.47
C00694455,"Harris, Kamala D.",2019-05-14,111574.98
C00694455,"Harris, Kamala D.",2019-05-15,51542.09
C00694455,"Harris, Kamala D.",2019-05-16,57293.65
C00694455,"Harris, Kamala D.",2019-05-17,41254.8
C00694455,"Harris, Kamala D.",2019-05-18,36911.69
C00694455,"Harris, Kamala D.",2019-05-19,19748.72
C00694455,"Harris, Kamala D.",2019-05-20,60341.59
C00694455,"Harris, Kamala D.",2019-05-21,78810.83
C00694455,"Harris, Kamala D.",2019-05-22,60828.7
C00694455,"Harris, Kamala D.",2019-05-23,58643.34
C00694455,"Harris, Kamala D.",2019-05-24,54672.5
C00694455,"Harris, Kamala D.",2019-05-25,27516.72
C00694455,"Harris, Kamala D.",2019-05-26,28055.84
C00694455,"Harris, Kamala D.",2019-05-27,17167.93
C00694455,"Harris, Kamala D.",2019-05-28,119666.73
C00694455,"Harris, Kamala D.",2019-05-29,84754.96
C00694455,"Harris, Kamala D.",2019-05-30,57621.89
C00694455,"Harris, Kamala D.",2019-05-31,109042.9
C00694455,"Harris, Kamala D.",2019-06-01,26514.6
C00694455,"Harris, Kamala D.",2019-06-02,18411.72
C00694455,"Harris, Kamala D.",2019-06-03,43526.49
C00694455,"Harris, Kamala D.",2019-06-04,41385.03
C00694455,"Harris, Kamala D.",2019-06-05,46370.83
C00694455,"Harris, Kamala D.",2019-06-06,31984.76
C00694455,"Harris, Kamala D.",2019-06-07,61818.54
C00694455,"Harris, Kamala D.",2019-06-08,7091.67
C00694455,"Harris, Kamala D.",2019-06-09,17900.54
C00694455,"Harris, Kamala D.",2019-06-10,67067.58
C00694455,"Harris, Kamala D.",2019-06-11,77266.65
C00694455,"Harris, Kamala D.",2019-06-12,65750.46
C00694455,"Harris, Kamala D.",2019-06-13,63706.53
C00694455,"Harris, Kamala D.",2019-06-14,42334.84
C00694455,"Harris, Kamala D.",2019-06-15,32517.78
C00694455,"Harris, Kamala D.",2019-06-16,19325.45
C00694455,"Harris, Kamala D.",2019-06-17,73869.2
C00694455,"Harris, Kamala D.",2019-06-18,79471.18
C00694455,"Harris, Kamala D.",2019-06-19,51351.74
C00694455,"Harris, Kamala D.",2019-06-20,94520.87
C00694455,"Harris, Kamala D.",2019-06-21,37947.15
C00694455,"Harris, Kamala D.",2019-06-22,26482.99
C00694455,"Harris, Kamala D.",2019-06-23,12374.14
C00694455,"Harris, Kamala D.",2019-06-24,58610.89
C00694455,"Harris, Kamala D.",2019-06-25,52760.39
C00694455,"Harris, Kamala D.",2019-06-26,37847.58
C00694455,"Harris, Kamala D.",2019-06-27,212917.5
C00694455,"Harris, Kamala D.",2019-06-28,692822.48
C00694455,"Harris, Kamala D.",2019-06-29,350378.04
C00694455,"Harris, Kamala D.",2019-06-30,507471.09
C00698258,"Hickenlooper, John W.",2019-04-01,23025
C00698258,"Hickenlooper, John W.",2019-04-02,6665.8
C00698258,"Hickenlooper, John W.",2019-04-03,5650
C00698258,"Hickenlooper, John W.",2019-04-04,11615
C00698258,"Hickenlooper, John W.",2019-04-05,3249.46
C00698258,"Hickenlooper, John W.",2019-04-06,1000
C00698258,"Hickenlooper, John W.",2019-04-07,7100
C00698258,"Hickenlooper, John W.",2019-04-08,7400
C00698258,"Hickenlooper, John W.",2019-04-09,2725
C00698258,"Hickenlooper, John W.",2019-04-10,8700
C00698258,"Hickenlooper, John W.",2019-04-11,4334.1
C00698258,"Hickenlooper, John W.",2019-04-12,3350
C00698258,"Hickenlooper, John W.",2019-04-13,55
C00698258,"Hickenlooper, John W.",2019-04-14,615
C00698258,"Hickenlooper, John W.",2019-04-15,7500
C00698258,"Hickenlooper, John W.",2019-04-16,5370
C00698258,"Hickenlooper, John W.",2019-04-17,1509.57
C00698258,"Hickenlooper, John W.",2019-04-18,15050
C00698258,"Hickenlooper, John W.",2019-04-19,1165
C00698258,"Hickenlooper, John W.",2019-04-20,1475
C00698258,"Hickenlooper, John W.",2019-04-21,4355
C00698258,"Hickenlooper, John W.",2019-04-22,7700
C00698258,"Hickenlooper, John W.",2019-04-23,6650
C00698258,"Hickenlooper, John W.",2019-04-24,3400
C00698258,"Hickenlooper, John W.",2019-04-25,2925
C00698258,"Hickenlooper, John W.",2019-04-26,9551.8
C00698258,"Hickenlooper, John W.",2019-04-27,9485
C00698258,"Hickenlooper, John W.",2019-04-28,5375
C00698258,"Hickenlooper, John W.",2019-04-29,19247.75
C00698258,"Hickenlooper, John W.",2019-04-30,14985
C00698258,"Hickenlooper, John W.",2019-05-01,15760
C00698258,"Hickenlooper, John W.",2019-05-02,-330
C00698258,"Hickenlooper, John W.",2019-05-03,4096.05
C00698258,"Hickenlooper, John W.",2019-05-04,9076
C00698258,"Hickenlooper, John W.",2019-05-05,7675
C00698258,"Hickenlooper, John W.",2019-05-06,14461.9
C00698258,"Hickenlooper, John W.",2019-05-07,24850
C00698258,"Hickenlooper, John W.",2019-05-08,6498.03
C00698258,"Hickenlooper, John W.",2019-05-09,4175.01
C00698258,"Hickenlooper, John W.",2019-05-10,6746
C00698258,"Hickenlooper, John W.",2019-05-11,5640
C00698258,"Hickenlooper, John W.",2019-05-12,3505
C00698258,"Hickenlooper, John W.",2019-05-13,40980
C00698258,"Hickenlooper, John W.",2019-05-14,25630
C00698258,"Hickenlooper, John W.",2019-05-15,1844.75
C00698258,"Hickenlooper, John W.",2019-05-16,5333
C00698258,"Hickenlooper, John W.",2019-05-17,4344.8
C00698258,"Hickenlooper, John W.",2019-05-18,455
C00698258,"Hickenlooper, John W.",2019-05-19,4325
C00698258,"Hickenlooper, John W.",2019-05-20,8717
C00698258,"Hickenlooper, John W.",2019-05-21,5455
C00698258,"Hickenlooper, John W.",2019-05-22,10674.9
C00698258,"Hickenlooper, John W.",2019-05-23,1075
C00698258,"Hickenlooper, John W.",2019-05-24,9400
C00698258,"Hickenlooper, John W.",2019-05-25,850
C00698258,"Hickenlooper, John W.",2019-05-26,6600
C00698258,"Hickenlooper, John W.",2019-05-27,7500
C00698258,"Hickenlooper, John W.",2019-05-28,8660
C00698258,"Hickenlooper, John W.",2019-05-29,13471.29
C00698258,"Hickenlooper, John W.",2019-05-30,7990
C00698258,"Hickenlooper, John W.",2019-05-31,13454.15
C00698258,"Hickenlooper, John W.",2019-06-01,4056
C00698258,"Hickenlooper, John W.",2019-06-02,7325
C00698258,"Hickenlooper, John W.",2019-06-03,6900
C00698258,"Hickenlooper, John W.",2019-06-04,15651
C00698258,"Hickenlooper, John W.",2019-06-05,10439.15
C00698258,"Hickenlooper, John W.",2019-06-06,8930
C00698258,"Hickenlooper, John W.",2019-06-07,8230
C00698258,"Hickenlooper, John W.",2019-06-08,810
C00698258,"Hickenlooper, John W.",2019-06-09,6075
C00698258,"Hickenlooper, John W.",2019-06-10,24531
C00698258,"Hickenlooper, John W.",2019-06-11,16493
C00698258,"Hickenlooper, John W.",2019-06-12,10411
C00698258,"Hickenlooper, John W.",2019-06-13,4114.15
C00698258,"Hickenlooper, John W.",2019-06-14,9680.8
C00698258,"Hickenlooper, John W.",2019-06-15,7296.69
C00698258,"Hickenlooper, John W.",2019-06-16,4158.75
C00698258,"Hickenlooper, John W.",2019-06-17,30046
C00698258,"Hickenlooper, John W.",2019-06-18,9050
C00698258,"Hickenlooper, John W.",2019-06-19,9405
C00698258,"Hickenlooper, John W.",2019-06-20,26575
C00698258,"Hickenlooper, John W.",2019-06-21,7225
C00698258,"Hickenlooper, John W.",2019-06-22,650
C00698258,"Hickenlooper, John W.",2019-06-23,1159.43
C00698258,"Hickenlooper, John W.",2019-06-24,9151
C00698258,"Hickenlooper, John W.",2019-06-25,37095
C00698258,"Hickenlooper, John W.",2019-06-26,13575
C00698258,"Hickenlooper, John W.",2019-06-27,31093.75
C00698258,"Hickenlooper, John W.",2019-06-28,13145
C00698258,"Hickenlooper, John W.",2019-06-29,15990
C00698258,"Hickenlooper, John W.",2019-06-30,32805
C00698050,"Inslee, Jay R.",2019-04-01,24305.54
C00698050,"Inslee, Jay R.",2019-04-02,21824.86
C00698050,"Inslee, Jay R.",2019-04-03,5400.2
C00698050,"Inslee, Jay R.",2019-04-04,6807.6
C00698050,"Inslee, Jay R.",2019-04-05,2599.2
C00698050,"Inslee, Jay R.",2019-04-06,10881.76
C00698050,"Inslee, Jay R.",2019-04-07,3209.18
C00698050,"Inslee, Jay R.",2019-04-08,25898.79
C00698050,"Inslee, Jay R.",2019-04-09,12966.4
C00698050,"Inslee, Jay R.",2019-04-10,22747.33
C00698050,"Inslee, Jay R.",2019-04-11,40061.48
C00698050,"Inslee, Jay R.",2019-04-12,10497.95
C00698050,"Inslee, Jay R.",2019-04-13,6237.69
C00698050,"Inslee, Jay R.",2019-04-14,8968.03
C00698050,"Inslee, Jay R.",2019-04-15,23229.9
C00698050,"Inslee, Jay R.",2019-04-16,22069.22
C00698050,"Inslee, Jay R.",2019-04-17,20239.43
C00698050,"Inslee, Jay R.",2019-04-18,24132.8
C00698050,"Inslee, Jay R.",2019-04-19,10066.86
C00698050,"Inslee, Jay R.",2019-04-20,1406.4
C00698050,"Inslee, Jay R.",2019-04-21,2600.2
C00698050,"Inslee, Jay R.",2019-04-22,10450.2
C00698050,"Inslee, Jay R.",2019-04-23,5137.74
C00698050,"Inslee, Jay R.",2019-04-24,15081.32
C00698050,"Inslee, Jay R.",2019-04-25,23004.58
C00698050,"Inslee, Jay R.",2019-04-26,18986.69
C00698050,"Inslee, Jay R.",2019-04-27,3906.76
C00698050,"Inslee, Jay R.",2019-04-28,11931
C00698050,"Inslee, Jay R.",2019-04-29,26208.79
C00698050,"Inslee, Jay R.",2019-04-30,36859.2
C00698050,"Inslee, Jay R.",2019-05-01,10669.4
C00698050,"Inslee, Jay R.",2019-05-02,16311.31
C00698050,"Inslee, Jay R.",2019-05-03,10750
C00698050,"Inslee, Jay R.",2019-05-04,6707.21
C00698050,"Inslee, Jay R.",2019-05-05,4508.59
C00698050,"Inslee, Jay R.",2019-05-06,18158.2
C00698050,"Inslee, Jay R.",2019-05-07,17108.2
C00698050,"Inslee, Jay R.",2019-05-08,17287
C00698050,"Inslee, Jay R.",2019-05-09,9087.6
C00698050,"Inslee, Jay R.",2019-05-10,14450
C00698050,"Inslee, Jay R.",2019-05-11,15369.6
C00698050,"Inslee, Jay R.",2019-05-12,13690.48
C00698050,"Inslee, Jay R.",2019-05-13,65755.5
C00698050,"Inslee, Jay R.",2019-05-14,31932.24
C00698050,"Inslee, Jay R.",2019-05-15,9287.6
C00698050,"Inslee, Jay R.",2019-05-16,10188.8
C00698050,"Inslee, Jay R.",2019-05-17,11280.84
C00698050,"Inslee, Jay R.",2019-05-18,4974.86
C00698050,"Inslee, Jay R.",2019-05-19,11845.2
C00698050,"Inslee, Jay R.",2019-05-20,16630.44
C00698050,"Inslee, Jay R.",2019-05-21,9931.2
C00698050,"Inslee, Jay R.",2019-05-22,7429
C00698050,"Inslee, Jay R.",2019-05-23,31629.28
C00698050,"Inslee, Jay R.",2019-05-24,29053.3
C00698050,"Inslee, Jay R.",2019-05-25,4342.88
C00698050,"Inslee, Jay R.",2019-05-26,2459.18
C00698050,"Inslee, Jay R.",2019-05-27,7206.7
C00698050,"Inslee, Jay R.",2019-05-28,10729
C00698050,"Inslee, Jay R.",2019-05-29,12194.2
C00698050,"Inslee, Jay R.",2019-05-30,10221.58
C00698050,"Inslee, Jay R.",2019-05-31,24318.74
C00698050,"Inslee, Jay R.",2019-06-01,26223.25
C00698050,"Inslee, Jay R.",2019-06-02,3868.61
C00698050,"Inslee, Jay R.",2019-06-03,21776
C00698050,"Inslee, Jay R.",2019-06-04,7391.23
C00698050,"Inslee, Jay R.",2019-06-05,15435.25
C00698050,"Inslee, Jay R.",2019-06-06,14809.02
C00698050,"Inslee, Jay R.",2019-06-07,8102.87
C00698050,"Inslee, Jay R.",2019-06-08,5458
C00698050,"Inslee, Jay R.",2019-06-09,9423
C00698050,"Inslee, Jay R.",2019-06-10,7303.8
C00698050,"Inslee, Jay R.",2019-06-11,14937.4
C00698050,"Inslee, Jay R.",2019-06-12,5612
C00698050,"Inslee, Jay R.",2019-06-13,15243
C00698050,"Inslee, Jay R.",2019-06-14,9277
C00698050,"Inslee, Jay R.",2019-06-15,5281.6
C00698050,"Inslee, Jay R.",2019-06-16,2109
C00698050,"Inslee, Jay R.",2019-06-17,30263.75
C00698050,"Inslee, Jay R.",2019-06-18,14084.05
C00698050,"Inslee, Jay R.",2019-06-19,12622.95
C00698050,"Inslee, Jay R.",2019-06-20,21858.82
C00698050,"Inslee, Jay R.",2019-06-21,7265.98
C00698050,"Inslee, Jay R.",2019-06-22,2785
C00698050,"Inslee, Jay R.",2019-06-23,5123
C00698050,"Inslee, Jay R.",2019-06-24,11742.29
C00698050,"Inslee, Jay R.",2019-06-25,20133.3
C00698050,"Inslee, Jay R.",2019-06-26,14387.3
C00698050,"Inslee, Jay R.",2019-06-27,28906.42
C00698050,"Inslee, Jay R.",2019-06-28,22590.87
C00698050,"Inslee, Jay R.",2019-06-29,15866.8
C00698050,"Inslee, Jay R.",2019-06-30,81357.93
C00698050,"Inslee, Jay R.",2019-07-01,5895
C00696419,"Klobuchar, Amy J.",2019-04-01,17972
C00696419,"Klobuchar, Amy J.",2019-04-02,6262
C00696419,"Klobuchar, Amy J.",2019-04-03,14524.7
C00696419,"Klobuchar, Amy J.",2019-04-04,23535.7
C00696419,"Klobuchar, Amy J.",2019-04-05,29130.77
C00696419,"Klobuchar, Amy J.",2019-04-06,2839
C00696419,"Klobuchar, Amy J.",2019-04-07,9986
C00696419,"Klobuchar, Amy J.",2019-04-08,42642.75
C00696419,"Klobuchar, Amy J.",2019-04-09,17740.85
C00696419,"Klobuchar, Amy J.",2019-04-10,26130.5
C00696419,"Klobuchar, Amy J.",2019-04-11,34607.6
C00696419,"Klobuchar, Amy J.",2019-04-12,33316.85
C00696419,"Klobuchar, Amy J.",2019-04-13,10553
C00696419,"Klobuchar, Amy J.",2019-04-14,7925.98
C00696419,"Klobuchar, Amy J.",2019-04-15,47458.1
C00696419,"Klobuchar, Amy J.",2019-04-16,18844
C00696419,"Klobuchar, Amy J.",2019-04-17,49370.1
C00696419,"Klobuchar, Amy J.",2019-04-18,10526.89
C00696419,"Klobuchar, Amy J.",2019-04-19,13650
C00696419,"Klobuchar, Amy J.",2019-04-20,7413.5
C00696419,"Klobuchar, Amy J.",2019-04-21,1955
C00696419,"Klobuchar, Amy J.",2019-04-22,42201.5
C00696419,"Klobuchar, Amy J.",2019-04-23,28216.75
C00696419,"Klobuchar, Amy J.",2019-04-24,21513.85
C00696419,"Klobuchar, Amy J.",2019-04-25,61057.21
C00696419,"Klobuchar, Amy J.",2019-04-26,24436.61
C00696419,"Klobuchar, Amy J.",2019-04-27,9586.09
C00696419,"Klobuchar, Amy J.",2019-04-28,4224.86
C00696419,"Klobuchar, Amy J.",2019-04-29,30333.87
C00696419,"Klobuchar, Amy J.",2019-04-30,54476
C00696419,"Klobuchar, Amy J.",2019-05-01,15030
C00696419,"Klobuchar, Amy J.",2019-05-02,13255
C00696419,"Klobuchar, Amy J.",2019-05-03,24450.83
C00696419,"Klobuchar, Amy J.",2019-05-04,8837
C00696419,"Klobuchar, Amy J.",2019-05-05,12405
C00696419,"Klobuchar, Amy J.",2019-05-06,41966.05
C00696419,"Klobuchar, Amy J.",2019-05-07,39691.95
C00696419,"Klobuchar, Amy J.",2019-05-08,40588.6
C00696419,"Klobuchar, Amy J.",2019-05-09,27589.75
C00696419,"Klobuchar, Amy J.",2019-05-10,33153.86
C00696419,"Klobuchar, Amy J.",2019-05-11,12111
C00696419,"Klobuchar, Amy J.",2019-05-12,8863
C00696419,"Klobuchar, Amy J.",2019-05-13,52857
C00696419,"Klobuchar, Amy J.",2019-05-14,23303.8
C00696419,"Klobuchar, Amy J.",2019-05-15,35514.05
C00696419,"Klobuchar, Amy J.",2019-05-16,33375
C00696419,"Klobuchar, Amy J.",2019-05-17,35993.8
C00696419,"Klobuchar, Amy J.",2019-05-18,13355.03
C00696419,"Klobuchar, Amy J.",2019-05-19,9681
C00696419,"Klobuchar, Amy J.",2019-05-20,18179.99
C00696419,"Klobuchar, Amy J.",2019-05-21,28175.96
C00696419,"Klobuchar, Amy J.",2019-05-22,15588.84
C00696419,"Klobuchar, Amy J.",2019-05-23,23953.26
C00696419,"Klobuchar, Amy J.",2019-05-24,30695
C00696419,"Klobuchar, Amy J.",2019-05-25,4735.86
C00696419,"Klobuchar, Amy J.",2019-05-26,4158.25
C00696419,"Klobuchar, Amy J.",2019-05-27,12072
C00696419,"Klobuchar, Amy J.",2019-05-28,32981.75
C00696419,"Klobuchar, Amy J.",2019-05-29,26405.64
C00696419,"Klobuchar, Amy J.",2019-05-30,21279.07
C00696419,"Klobuchar, Amy J.",2019-05-31,29833.2
C00696419,"Klobuchar, Amy J.",2019-06-01,6811
C00696419,"Klobuchar, Amy J.",2019-06-02,16466
C00696419,"Klobuchar, Amy J.",2019-06-03,38779.6
C00696419,"Klobuchar, Amy J.",2019-06-04,11589
C00696419,"Klobuchar, Amy J.",2019-06-05,8187.75
C00696419,"Klobuchar, Amy J.",2019-06-06,16314.85
C00696419,"Klobuchar, Amy J.",2019-06-07,34510.75
C00696419,"Klobuchar, Amy J.",2019-06-08,12123.37
C00696419,"Klobuchar, Amy J.",2019-06-09,6969
C00696419,"Klobuchar, Amy J.",2019-06-10,68747
C00696419,"Klobuchar, Amy J.",2019-06-11,19721.6
C00696419,"Klobuchar, Amy J.",2019-06-12,18254.56
C00696419,"Klobuchar, Amy J.",2019-06-13,33269
C00696419,"Klobuchar, Amy J.",2019-06-14,32851.7
C00696419,"Klobuchar, Amy J.",2019-06-15,13883
C00696419,"Klobuchar, Amy J.",2019-06-16,12101.02
C00696419,"Klobuchar, Amy J.",2019-06-17,33074.15
C00696419,"Klobuchar, Amy J.",2019-06-18,48301.7
C00696419,"Klobuchar, Amy J.",2019-06-19,14254
C00696419,"Klobuchar, Amy J.",2019-06-20,17264.75
C00696419,"Klobuchar, Amy J.",2019-06-21,28743.4
C00696419,"Klobuchar, Amy J.",2019-06-22,10883.45
C00696419,"Klobuchar, Amy J.",2019-06-23,11411
C00696419,"Klobuchar, Amy J.",2019-06-24,28021.12
C00696419,"Klobuchar, Amy J.",2019-06-25,16607.39
C00696419,"Klobuchar, Amy J.",2019-06-26,28287.79
C00696419,"Klobuchar, Amy J.",2019-06-27,53757.5
C00696419,"Klobuchar, Amy J.",2019-06-28,83621.37
C00696419,"Klobuchar, Amy J.",2019-06-29,77228.39
C00696419,"Klobuchar, Amy J.",2019-06-30,207187.06
C00699280,"Messam, Wayne Martin",2019-04-01,750
C00699280,"Messam, Wayne Martin",2019-04-02,1150
C00699280,"Messam, Wayne Martin",2019-04-03,1000
C00699280,"Messam, Wayne Martin",2019-04-04,700
C00699280,"Messam, Wayne Martin",2019-04-05,3000
C00699280,"Messam, Wayne Martin",2019-04-06,1500
C00699280,"Messam, Wayne Martin",2019-04-08,2250
C00699280,"Messam, Wayne Martin",2019-04-10,5600
C00699280,"Messam, Wayne Martin",2019-04-12,3800
C00699280,"Messam, Wayne Martin",2019-04-16,10
C00699280,"Messam, Wayne Martin",2019-04-23,500
C00699280,"Messam, Wayne Martin",2019-04-25,500
C00699280,"Messam, Wayne Martin",2019-04-26,500
C00699280,"Messam, Wayne Martin",2019-04-29,250
C00699280,"Messam, Wayne Martin",2019-04-30,1025
C00699280,"Messam, Wayne Martin",2019-05-18,1800
C00699280,"Messam, Wayne Martin",2019-05-26,500
C00699280,"Messam, Wayne Martin",2019-05-27,250
C00699280,"Messam, Wayne Martin",2019-05-31,3300
C00699280,"Messam, Wayne Martin",2019-06-08,250
C00699280,"Messam, Wayne Martin",2019-06-11,1450
C00699280,"Messam, Wayne Martin",2019-06-12,1000
C00699280,"Messam, Wayne Martin",2019-06-19,500
C00699280,"Messam, Wayne Martin",2019-06-25,50
C00699280,"Messam, Wayne Martin",2019-06-26,1000
C00699280,"Messam, Wayne Martin",2019-06-27,500
C00699280,"Messam, Wayne Martin",2019-06-28,500
C00699280,"Messam, Wayne Martin",2019-06-30,300
C00704510,"Moulton, Seth",2019-04-20,2800
C00704510,"Moulton, Seth",2019-04-28,205150
C00704510,"Moulton, Seth",2019-04-29,1000
C00704510,"Moulton, Seth",2019-04-30,17926.2
C00704510,"Moulton, Seth",2019-05-01,92.68
C00704510,"Moulton, Seth",2019-05-02,35051
C00704510,"Moulton, Seth",2019-05-05,14872
C00704510,"Moulton, Seth",2019-05-06,950
C00704510,"Moulton, Seth",2019-05-07,20371.2
C00704510,"Moulton, Seth",2019-05-09,12220.2
C00704510,"Moulton, Seth",2019-05-10,10342.17
C00704510,"Moulton, Seth",2019-05-11,208.75
C00704510,"Moulton, Seth",2019-05-12,13194.47
C00704510,"Moulton, Seth",2019-05-13,9150
C00704510,"Moulton, Seth",2019-05-14,20030.2
C00704510,"Moulton, Seth",2019-05-15,1000
C00704510,"Moulton, Seth",2019-05-16,34520
C00704510,"Moulton, Seth",2019-05-19,12870.02
C00704510,"Moulton, Seth",2019-05-20,69.75999999999999
C00704510,"Moulton, Seth",2019-05-21,13795.4
C00704510,"Moulton, Seth",2019-05-22,13750
C00704510,"Moulton, Seth",2019-05-23,22330
C00704510,"Moulton, Seth",2019-05-26,20770.6
C00704510,"Moulton, Seth",2019-05-28,14877.52
C00704510,"Moulton, Seth",2019-05-29,1000
C00704510,"Moulton, Seth",2019-05-30,24510.6
C00704510,"Moulton, Seth",2019-05-31,24812.25
C00704510,"Moulton, Seth",2019-06-02,15365.4
C00704510,"Moulton, Seth",2019-06-04,44473.8
C00704510,"Moulton, Seth",2019-06-06,31301
C00704510,"Moulton, Seth",2019-06-07,120.39
C00704510,"Moulton, Seth",2019-06-09,23488.65
C00704510,"Moulton, Seth",2019-06-10,55.5
C00704510,"Moulton, Seth",2019-06-11,25776
C00704510,"Moulton, Seth",2019-06-13,9855.2
C00704510,"Moulton, Seth",2019-06-14,67550
C00704510,"Moulton, Seth",2019-06-16,51618.2
C00704510,"Moulton, Seth",2019-06-17,9900
C00704510,"Moulton, Seth",2019-06-18,16050.2
C00704510,"Moulton, Seth",2019-06-19,658.6
C00704510,"Moulton, Seth",2019-06-20,21560.8
C00704510,"Moulton, Seth",2019-06-21,63.45
C00704510,"Moulton, Seth",2019-06-23,3185.6
C00704510,"Moulton, Seth",2019-06-24,7650
C00704510,"Moulton, Seth",2019-06-25,29360.2
C00704510,"Moulton, Seth",2019-06-27,17595.6
C00704510,"Moulton, Seth",2019-06-30,24709.2
C00699090,"O'Rourke, Beto",2019-04-01,31749.4
C00699090,"O'Rourke, Beto",2019-04-02,6927.4400000000005
C00699090,"O'Rourke, Beto",2019-04-03,5231.18
C00699090,"O'Rourke, Beto",2019-04-04,-1370.8999999999999
C00699090,"O'Rourke, Beto",2019-04-05,4982.66
C00699090,"O'Rourke, Beto",2019-04-06,8554
C00699090,"O'Rourke, Beto",2019-04-07,3652
C00699090,"O'Rourke, Beto",2019-04-08,15284.53
C00699090,"O'Rourke, Beto",2019-04-09,8208.36
C00699090,"O'Rourke, Beto",2019-04-10,6583.02
C00699090,"O'Rourke, Beto",2019-04-11,9501.44
C00699090,"O'Rourke, Beto",2019-04-12,7671.34
C00699090,"O'Rourke, Beto",2019-04-13,9779.56
C00699090,"O'Rourke, Beto",2019-04-14,37216.48
C00699090,"O'Rourke, Beto",2019-04-15,6679.82
C00699090,"O'Rourke, Beto",2019-04-16,14122.47
C00699090,"O'Rourke, Beto",2019-04-17,6626.77
C00699090,"O'Rourke, Beto",2019-04-18,23411.69
C00699090,"O'Rourke, Beto",2019-04-19,8627.76
C00699090,"O'Rourke, Beto",2019-04-20,5204.14
C00699090,"O'Rourke, Beto",2019-04-21,16129.25
C00699090,"O'Rourke, Beto",2019-04-22,7608.42
C00699090,"O'Rourke, Beto",2019-04-23,9092.4
C00699090,"O'Rourke, Beto",2019-04-24,3978.65
C00699090,"O'Rourke, Beto",2019-04-25,29459.56
C00699090,"O'Rourke, Beto",2019-04-26,8522.85
C00699090,"O'Rourke, Beto",2019-04-27,5742.56
C00699090,"O'Rourke, Beto",2019-04-28,11202.4
C00699090,"O'Rourke, Beto",2019-04-29,7567.85
C00699090,"O'Rourke, Beto",2019-04-30,59802.95
C00699090,"O'Rourke, Beto",2019-05-01,12492.78
C00699090,"O'Rourke, Beto",2019-05-02,20349.49
C00699090,"O'Rourke, Beto",2019-05-03,17974.41
C00699090,"O'Rourke, Beto",2019-05-04,25126.74
C00699090,"O'Rourke, Beto",2019-05-05,8204.58
C00699090,"O'Rourke, Beto",2019-05-06,14705.28
C00699090,"O'Rourke, Beto",2019-05-07,27726.6
C00699090,"O'Rourke, Beto",2019-05-08,24619.99
C00699090,"O'Rourke, Beto",2019-05-09,17987.6
C00699090,"O'Rourke, Beto",2019-05-10,13654.92
C00699090,"O'Rourke, Beto",2019-05-11,11920.03
C00699090,"O'Rourke, Beto",2019-05-12,22820.83
C00699090,"O'Rourke, Beto",2019-05-13,37319.2
C00699090,"O'Rourke, Beto",2019-05-14,92077.77
C00699090,"O'Rourke, Beto",2019-05-15,16455.82
C00699090,"O'Rourke, Beto",2019-05-16,24174.37
C00699090,"O'Rourke, Beto",2019-05-17,8948.97
C00699090,"O'Rourke, Beto",2019-05-18,7188.56
C00699090,"O'Rourke, Beto",2019-05-19,7254.39
C00699090,"O'Rourke, Beto",2019-05-20,8668.7
C00699090,"O'Rourke, Beto",2019-05-21,23981.94
C00699090,"O'Rourke, Beto",2019-05-22,50491.35
C00699090,"O'Rourke, Beto",2019-05-23,11478.58
C00699090,"O'Rourke, Beto",2019-05-24,37448.99
C00699090,"O'Rourke, Beto",2019-05-25,11177.57
C00699090,"O'Rourke, Beto",2019-05-26,11246.68
C00699090,"O'Rourke, Beto",2019-05-27,6859.59
C00699090,"O'Rourke, Beto",2019-05-28,36421.52
C00699090,"O'Rourke, Beto",2019-05-29,32419.73
C00699090,"O'Rourke, Beto",2019-05-30,31449.99
C00699090,"O'Rourke, Beto",2019-05-31,39816.25
C00699090,"O'Rourke, Beto",2019-06-01,3968.2
C00699090,"O'Rourke, Beto",2019-06-02,3335.66
C00699090,"O'Rourke, Beto",2019-06-03,34051.19
C00699090,"O'Rourke, Beto",2019-06-04,6992.82
C00699090,"O'Rourke, Beto",2019-06-05,15702.03
C00699090,"O'Rourke, Beto",2019-06-06,20091.17
C00699090,"O'Rourke, Beto",2019-06-07,27844.99
C00699090,"O'Rourke, Beto",2019-06-08,15480.19
C00699090,"O'Rourke, Beto",2019-06-09,11368.19
C00699090,"O'Rourke, Beto",2019-06-10,38974.53
C00699090,"O'Rourke, Beto",2019-06-11,39219.13
C00699090,"O'Rourke, Beto",2019-06-12,23154.38
C00699090,"O'Rourke, Beto",2019-06-13,20490.8
C00699090,"O'Rourke, Beto",2019-06-14,45252.73
C00699090,"O'Rourke, Beto",2019-06-15,13529.42
C00699090,"O'Rourke, Beto",2019-06-16,10239.8
C00699090,"O'Rourke, Beto",2019-06-17,13059.59
C00699090,"O'Rourke, Beto",2019-06-18,22486.49
C00699090,"O'Rourke, Beto",2019-06-19,23727.33
C00699090,"O'Rourke, Beto",2019-06-20,33108.86
C00699090,"O'Rourke, Beto",2019-06-21,17881
C00699090,"O'Rourke, Beto",2019-06-22,14790.16
C00699090,"O'Rourke, Beto",2019-06-23,11564.14
C00699090,"O'Rourke, Beto",2019-06-24,13985.85
C00699090,"O'Rourke, Beto",2019-06-25,17374.4
C00699090,"O'Rourke, Beto",2019-06-26,33243.98
C00699090,"O'Rourke, Beto",2019-06-27,29073.76
C00699090,"O'Rourke, Beto",2019-06-28,23097.95
C00699090,"O'Rourke, Beto",2019-06-29,56238.06
C00699090,"O'Rourke, Beto",2019-06-30,181433.12
C00701979,"Ryan, Timothy J.",2019-04-01,2500
C00701979,"Ryan, Timothy J.",2019-04-02,2800
C00701979,"Ryan, Timothy J.",2019-04-03,16800
C00701979,"Ryan, Timothy J.",2019-04-04,66495.8
C00701979,"Ryan, Timothy J.",2019-04-05,21700
C00701979,"Ryan, Timothy J.",2019-04-06,6650
C00701979,"Ryan, Timothy J.",2019-04-07,10750
C00701979,"Ryan, Timothy J.",2019-04-08,4800
C00701979,"Ryan, Timothy J.",2019-04-09,3801
C00701979,"Ryan, Timothy J.",2019-04-10,10400
C00701979,"Ryan, Timothy J.",2019-04-11,3800
C00701979,"Ryan, Timothy J.",2019-04-12,3800
C00701979,"Ryan, Timothy J.",2019-04-13,7600
C00701979,"Ryan, Timothy J.",2019-04-14,8650
C00701979,"Ryan, Timothy J.",2019-04-15,13150
C00701979,"Ryan, Timothy J.",2019-04-16,6850
C00701979,"Ryan, Timothy J.",2019-04-17,2801
C00701979,"Ryan, Timothy J.",2019-04-18,5717.15
C00701979,"Ryan, Timothy J.",2019-04-19,7275
C00701979,"Ryan, Timothy J.",2019-04-20,3300
C00701979,"Ryan, Timothy J.",2019-04-21,2800
C00701979,"Ryan, Timothy J.",2019-04-23,7100
C00701979,"Ryan, Timothy J.",2019-04-24,6919.75
C00701979,"Ryan, Timothy J.",2019-04-25,8150
C00701979,"Ryan, Timothy J.",2019-04-26,11600
C00701979,"Ryan, Timothy J.",2019-04-27,250
C00701979,"Ryan, Timothy J.",2019-04-28,3250
C00701979,"Ryan, Timothy J.",2019-04-29,6300
C00701979,"Ryan, Timothy J.",2019-04-30,6100
C00701979,"Ryan, Timothy J.",2019-05-01,500
C00701979,"Ryan, Timothy J.",2019-05-02,5462.15
C00701979,"Ryan, Timothy J.",2019-05-03,7600
C00701979,"Ryan, Timothy J.",2019-05-04,3000
C00701979,"Ryan, Timothy J.",2019-05-05,1450
C00701979,"Ryan, Timothy J.",2019-05-06,6200
C00701979,"Ryan, Timothy J.",2019-05-07,1040
C00701979,"Ryan, Timothy J.",2019-05-08,750
C00701979,"Ryan, Timothy J.",2019-05-09,5250
C00701979,"Ryan, Timothy J.",2019-05-10,2370.15
C00701979,"Ryan, Timothy J.",2019-05-11,2800
C00701979,"Ryan, Timothy J.",2019-05-12,-2550
C00701979,"Ryan, Timothy J.",2019-05-13,15250
C00701979,"Ryan, Timothy J.",2019-05-14,6950
C00701979,"Ryan, Timothy J.",2019-05-15,7100
C00701979,"Ryan, Timothy J.",2019-05-16,5600
C00701979,"Ryan, Timothy J.",2019-05-17,8400
C00701979,"Ryan, Timothy J.",2019-05-18,1010
C00701979,"Ryan, Timothy J.",2019-05-19,100
C00701979,"Ryan, Timothy J.",2019-05-20,7050
C00701979,"Ryan, Timothy J.",2019-05-21,1135
C00701979,"Ryan, Timothy J.",2019-05-22,3300
C00701979,"Ryan, Timothy J.",2019-05-23,3750
C00701979,"Ryan, Timothy J.",2019-05-24,3299.74
C00701979,"Ryan, Timothy J.",2019-05-25,250
C00701979,"Ryan, Timothy J.",2019-05-26,3050
C00701979,"Ryan, Timothy J.",2019-05-28,13900
C00701979,"Ryan, Timothy J.",2019-05-29,563.17
C00701979,"Ryan, Timothy J.",2019-05-30,3650
C00701979,"Ryan, Timothy J.",2019-05-31,8374
C00701979,"Ryan, Timothy J.",2019-06-01,1850
C00701979,"Ryan, Timothy J.",2019-06-02,9700
C00701979,"Ryan, Timothy J.",2019-06-03,425
C00701979,"Ryan, Timothy J.",2019-06-04,24658
C00701979,"Ryan, Timothy J.",2019-06-05,11386
C00701979,"Ryan, Timothy J.",2019-06-06,2402.15
C00701979,"Ryan, Timothy J.",2019-06-07,6226
C00701979,"Ryan, Timothy J.",2019-06-08,300
C00701979,"Ryan, Timothy J.",2019-06-09,-2275
C00701979,"Ryan, Timothy J.",2019-06-10,3275
C00701979,"Ryan, Timothy J.",2019-06-11,4210
C00701979,"Ryan, Timothy J.",2019-06-12,11360
C00701979,"Ryan, Timothy J.",2019-06-13,150
C00701979,"Ryan, Timothy J.",2019-06-14,3750
C00701979,"Ryan, Timothy J.",2019-06-15,275
C00701979,"Ryan, Timothy J.",2019-06-16,3199
C00701979,"Ryan, Timothy J.",2019-06-17,8935
C00701979,"Ryan, Timothy J.",2019-06-18,4710
C00701979,"Ryan, Timothy J.",2019-06-19,9750
C00701979,"Ryan, Timothy J.",2019-06-20,7325
C00701979,"Ryan, Timothy J.",2019-06-21,6300
C00701979,"Ryan, Timothy J.",2019-06-22,609.32
C00701979,"Ryan, Timothy J.",2019-06-23,351.33
C00701979,"Ryan, Timothy J.",2019-06-24,587.59
C00701979,"Ryan, Timothy J.",2019-06-25,2775
C00701979,"Ryan, Timothy J.",2019-06-26,15926.87
C00701979,"Ryan, Timothy J.",2019-06-27,6300
C00701979,"Ryan, Timothy J.",2019-06-28,5325
C00701979,"Ryan, Timothy J.",2019-06-29,23200
C00701979,"Ryan, Timothy J.",2019-06-30,28185
C00696948,"Sanders, Bernie",2019-04-01,17384.67
C00696948,"Sanders, Bernie",2019-04-02,5287.61
C00696948,"Sanders, Bernie",2019-04-03,8457.3
C00696948,"Sanders, Bernie",2019-04-04,20044.49
C00696948,"Sanders, Bernie",2019-04-05,15205.19
C00696948,"Sanders, Bernie",2019-04-06,16490.33
C00696948,"Sanders, Bernie",2019-04-07,14441.85
C00696948,"Sanders, Bernie",2019-04-08,10994.7
C00696948,"Sanders, Bernie",2019-04-09,18740.04
C00696948,"Sanders, Bernie",2019-04-10,21708.8
C00696948,"Sanders, Bernie",2019-04-11,34192.56
C00696948,"Sanders, Bernie",2019-04-12,12221.46
C00696948,"Sanders, Bernie",2019-04-13,6252.34
C00696948,"Sanders, Bernie",2019-04-14,25484.97
C00696948,"Sanders, Bernie",2019-04-15,22065.88
C00696948,"Sanders, Bernie",2019-04-16,96368.14
C00696948,"Sanders, Bernie",2019-04-17,68954.19
C00696948,"Sanders, Bernie",2019-04-18,23475.48
C00696948,"Sanders, Bernie",2019-04-19,85455.41
C00696948,"Sanders, Bernie",2019-04-20,29908.91
C00696948,"Sanders, Bernie",2019-04-21,21768.08
C00696948,"Sanders, Bernie",2019-04-22,24962.19
C00696948,"Sanders, Bernie",2019-04-23,90057.36
C00696948,"Sanders, Bernie",2019-04-24,44565.38
C00696948,"Sanders, Bernie",2019-04-25,236504.68
C00696948,"Sanders, Bernie",2019-04-26,90629.54
C00696948,"Sanders, Bernie",2019-04-27,37276.01
C00696948,"Sanders, Bernie",2019-04-28,35816.43
C00696948,"Sanders, Bernie",2019-04-29,48989.53
C00696948,"Sanders, Bernie",2019-04-30,96852.78
C00696948,"Sanders, Bernie",2019-05-01,20735.44
C00696948,"Sanders, Bernie",2019-05-02,24689.48
C00696948,"Sanders, Bernie",2019-05-03,18146.84
C00696948,"Sanders, Bernie",2019-05-04,9046.31
C00696948,"Sanders, Bernie",2019-05-05,24024.1
C00696948,"Sanders, Bernie",2019-05-06,26198.73
C00696948,"Sanders, Bernie",2019-05-07,11493.08
C00696948,"Sanders, Bernie",2019-05-08,13533.3
C00696948,"Sanders, Bernie",2019-05-09,27065.15
C00696948,"Sanders, Bernie",2019-05-10,12996.87
C00696948,"Sanders, Bernie",2019-05-11,13069.65
C00696948,"Sanders, Bernie",2019-05-12,14421.09
C00696948,"Sanders, Bernie",2019-05-13,54753.82
C00696948,"Sanders, Bernie",2019-05-14,73936.49
C00696948,"Sanders, Bernie",2019-05-15,32161.89
C00696948,"Sanders, Bernie",2019-05-16,22672.27
C00696948,"Sanders, Bernie",2019-05-17,34904.44
C00696948,"Sanders, Bernie",2019-05-18,36573.62
C00696948,"Sanders, Bernie",2019-05-19,115490.24
C00696948,"Sanders, Bernie",2019-05-20,52114
C00696948,"Sanders, Bernie",2019-05-21,46334.54
C00696948,"Sanders, Bernie",2019-05-22,20290.69
C00696948,"Sanders, Bernie",2019-05-23,56812.81
C00696948,"Sanders, Bernie",2019-05-24,68503.4
C00696948,"Sanders, Bernie",2019-05-25,48202.88
C00696948,"Sanders, Bernie",2019-05-26,22294.34
C00696948,"Sanders, Bernie",2019-05-27,12575.3
C00696948,"Sanders, Bernie",2019-05-28,18716.24
C00696948,"Sanders, Bernie",2019-05-29,73481.38
C00696948,"Sanders, Bernie",2019-05-30,66799.17
C00696948,"Sanders, Bernie",2019-05-31,154801.62
C00696948,"Sanders, Bernie",2019-06-01,45648.6
C00696948,"Sanders, Bernie",2019-06-02,26531.12
C00696948,"Sanders, Bernie",2019-06-03,21533.72
C00696948,"Sanders, Bernie",2019-06-04,32920.38
C00696948,"Sanders, Bernie",2019-06-05,29099.74
C00696948,"Sanders, Bernie",2019-06-06,35015.62
C00696948,"Sanders, Bernie",2019-06-07,98998.26
C00696948,"Sanders, Bernie",2019-06-08,76006.33
C00696948,"Sanders, Bernie",2019-06-09,46469.51
C00696948,"Sanders, Bernie",2019-06-10,65846.06
C00696948,"Sanders, Bernie",2019-06-11,146.33
C00696948,"Sanders, Bernie",2019-06-12,29339.22
C00696948,"Sanders, Bernie",2019-06-13,44111.45
C00696948,"Sanders, Bernie",2019-06-14,29333.89
C00696948,"Sanders, Bernie",2019-06-15,39200.61
C00696948,"Sanders, Bernie",2019-06-16,21227.06
C00696948,"Sanders, Bernie",2019-06-17,35235.04
C00696948,"Sanders, Bernie",2019-06-18,49559.96
C00696948,"Sanders, Bernie",2019-06-19,133465.43
C00696948,"Sanders, Bernie",2019-06-20,52267.61
C00696948,"Sanders, Bernie",2019-06-21,54524.45
C00696948,"Sanders, Bernie",2019-06-22,39281.38
C00696948,"Sanders, Bernie",2019-06-23,119078.74
C00696948,"Sanders, Bernie",2019-06-24,75871.24
C00696948,"Sanders, Bernie",2019-06-25,116416.11
C00696948,"Sanders, Bernie",2019-06-26,116555.69
C00696948,"Sanders, Bernie",2019-06-27,222443.65
C00696948,"Sanders, Bernie",2019-06-28,229287.28
C00696948,"Sanders, Bernie",2019-06-29,304325.07
C00696948,"Sanders, Bernie",2019-06-30,602592.73
C00701698,"Swalwell, Eric",2019-04-08,8936.8
C00701698,"Swalwell, Eric",2019-04-09,13767.41
C00701698,"Swalwell, Eric",2019-04-10,3195
C00701698,"Swalwell, Eric",2019-04-11,8975
C00701698,"Swalwell, Eric",2019-04-12,500
C00701698,"Swalwell, Eric",2019-04-14,15148
C00701698,"Swalwell, Eric",2019-04-15,1685
C00701698,"Swalwell, Eric",2019-04-16,8398
C00701698,"Swalwell, Eric",2019-04-17,1015
C00701698,"Swalwell, Eric",2019-04-18,5700
C00701698,"Swalwell, Eric",2019-04-19,19.24
C00701698,"Swalwell, Eric",2019-04-21,1435
C00701698,"Swalwell, Eric",2019-04-22,1182.7
C00701698,"Swalwell, Eric",2019-04-24,743.77
C00701698,"Swalwell, Eric",2019-04-25,4425
C00701698,"Swalwell, Eric",2019-04-26,437.40999999999997
C00701698,"Swalwell, Eric",2019-04-28,800
C00701698,"Swalwell, Eric",2019-04-29,560
C00701698,"Swalwell, Eric",2019-04-30,5190
C00701698,"Swalwell, Eric",2019-05-01,13620
C00701698,"Swalwell, Eric",2019-05-02,500
C00701698,"Swalwell, Eric",2019-05-03,100
C00701698,"Swalwell, Eric",2019-05-05,5885
C00701698,"Swalwell, Eric",2019-05-06,250
C00701698,"Swalwell, Eric",2019-05-07,3130
C00701698,"Swalwell, Eric",2019-05-08,4760
C00701698,"Swalwell, Eric",2019-05-09,2031
C00701698,"Swalwell, Eric",2019-05-10,280
C00701698,"Swalwell, Eric",2019-05-11,1150
C00701698,"Swalwell, Eric",2019-05-12,12801
C00701698,"Swalwell, Eric",2019-05-13,2350
C00701698,"Swalwell, Eric",2019-05-14,6400
C00701698,"Swalwell, Eric",2019-05-15,10000
C00701698,"Swalwell, Eric",2019-05-16,4390.98
C00701698,"Swalwell, Eric",2019-05-17,2534.1
C00701698,"Swalwell, Eric",2019-05-19,1690
C00701698,"Swalwell, Eric",2019-05-21,3800
C00701698,"Swalwell, Eric",2019-05-22,7730
C00701698,"Swalwell, Eric",2019-05-23,4575
C00701698,"Swalwell, Eric",2019-05-24,1800
C00701698,"Swalwell, Eric",2019-05-25,200
C00701698,"Swalwell, Eric",2019-05-26,7321
C00701698,"Swalwell, Eric",2019-05-27,1000
C00701698,"Swalwell, Eric",2019-05-28,156.24
C00701698,"Swalwell, Eric",2019-05-29,2150
C00701698,"Swalwell, Eric",2019-05-30,7200
C00701698,"Swalwell, Eric",2019-05-31,6420
C00701698,"Swalwell, Eric",2019-06-02,3736
C00701698,"Swalwell, Eric",2019-06-03,5311
C00701698,"Swalwell, Eric",2019-06-04,11875
C00701698,"Swalwell, Eric",2019-06-05,1510
C00701698,"Swalwell, Eric",2019-06-06,5231
C00701698,"Swalwell, Eric",2019-06-07,25
C00701698,"Swalwell, Eric",2019-06-08,500
C00701698,"Swalwell, Eric",2019-06-09,3459.58
C00701698,"Swalwell, Eric",2019-06-10,7325
C00701698,"Swalwell, Eric",2019-06-11,3539
C00701698,"Swalwell, Eric",2019-06-12,10282
C00701698,"Swalwell, Eric",2019-06-13,21045
C00701698,"Swalwell, Eric",2019-06-14,4650.01
C00701698,"Swalwell, Eric",2019-06-15,13558.41
C00701698,"Swalwell, Eric",2019-06-16,4776
C00701698,"Swalwell, Eric",2019-06-17,4830
C00701698,"Swalwell, Eric",2019-06-18,4225
C00701698,"Swalwell, Eric",2019-06-19,4140
C00701698,"Swalwell, Eric",2019-06-20,7359.24
C00701698,"Swalwell, Eric",2019-06-21,27.85
C00701698,"Swalwell, Eric",2019-06-22,850
C00701698,"Swalwell, Eric",2019-06-23,2700.62
C00701698,"Swalwell, Eric",2019-06-24,12600.04
C00701698,"Swalwell, Eric",2019-06-25,17524
C00701698,"Swalwell, Eric",2019-06-26,19151
C00701698,"Swalwell, Eric",2019-06-27,6712.99
C00701698,"Swalwell, Eric",2019-06-28,24890.89
C00701698,"Swalwell, Eric",2019-06-29,33509.14
C00701698,"Swalwell, Eric",2019-06-30,103191
C00580100,"Trump, Donald J.",2019-04-01,40058.09
C00580100,"Trump, Donald J.",2019-04-02,27721.2
C00580100,"Trump, Donald J.",2019-04-03,20906.68
C00580100,"Trump, Donald J.",2019-04-04,25212.88
C00580100,"Trump, Donald J.",2019-04-05,27246.18
C00580100,"Trump, Donald J.",2019-04-06,19706.27
C00580100,"Trump, Donald J.",2019-04-07,16603
C00580100,"Trump, Donald J.",2019-04-08,39874.38
C00580100,"Trump, Donald J.",2019-04-09,25325.19
C00580100,"Trump, Donald J.",2019-04-10,18230.5
C00580100,"Trump, Donald J.",2019-04-11,37458.38
C00580100,"Trump, Donald J.",2019-04-12,21507.5
C00580100,"Trump, Donald J.",2019-04-13,20242
C00580100,"Trump, Donald J.",2019-04-14,15001
C00580100,"Trump, Donald J.",2019-04-15,42423.9
C00580100,"Trump, Donald J.",2019-04-16,65477.29
C00580100,"Trump, Donald J.",2019-04-17,51895.07
C00580100,"Trump, Donald J.",2019-04-18,103489.48
C00580100,"Trump, Donald J.",2019-04-19,54332.36
C00580100,"Trump, Donald J.",2019-04-20,69658.66
C00580100,"Trump, Donald J.",2019-04-21,41788.65
C00580100,"Trump, Donald J.",2019-04-22,58346.76
C00580100,"Trump, Donald J.",2019-04-23,34985.51
C00580100,"Trump, Donald J.",2019-04-24,29321.07
C00580100,"Trump, Donald J.",2019-04-25,29308.24
C00580100,"Trump, Donald J.",2019-04-26,42901.47
C00580100,"Trump, Donald J.",2019-04-27,26315.14
C00580100,"Trump, Donald J.",2019-04-28,32063.2
C00580100,"Trump, Donald J.",2019-04-29,71032.36
C00580100,"Trump, Donald J.",2019-04-30,127759.38
C00580100,"Trump, Donald J.",2019-05-01,42564.43
C00580100,"Trump, Donald J.",2019-05-02,32109.17
C00580100,"Trump, Donald J.",2019-05-03,28650.99
C00580100,"Trump, Donald J.",2019-05-04,20162.94
C00580100,"Trump, Donald J.",2019-05-05,20468.83
C00580100,"Trump, Donald J.",2019-05-06,36950.87
C00580100,"Trump, Donald J.",2019-05-07,24457.96
C00580100,"Trump, Donald J.",2019-05-08,57737.44
C00580100,"Trump, Donald J.",2019-05-09,58543.24
C00580100,"Trump, Donald J.",2019-05-10,33500.05
C00580100,"Trump, Donald J.",2019-05-11,15873
C00580100,"Trump, Donald J.",2019-05-12,14236
C00580100,"Trump, Donald J.",2019-05-13,35268.15
C00580100,"Trump, Donald J.",2019-05-14,26525.87
C00580100,"Trump, Donald J.",2019-05-15,17557.9
C00580100,"Trump, Donald J.",2019-05-16,50323.95
C00580100,"Trump, Donald J.",2019-05-17,36433.84
C00580100,"Trump, Donald J.",2019-05-18,47222.66
C00580100,"Trump, Donald J.",2019-05-19,28270
C00580100,"Trump, Donald J.",2019-05-20,29833.07
C00580100,"Trump, Donald J.",2019-05-21,28435.5
C00580100,"Trump, Donald J.",2019-05-22,68851.11
C00580100,"Trump, Donald J.",2019-05-23,35886.56
C00580100,"Trump, Donald J.",2019-05-24,25304.41
C00580100,"Trump, Donald J.",2019-05-25,20263.75
C00580100,"Trump, Donald J.",2019-05-26,12613.75
C00580100,"Trump, Donald J.",2019-05-27,16391
C00580100,"Trump, Donald J.",2019-05-28,37181.46
C00580100,"Trump, Donald J.",2019-05-29,56556.55
C00580100,"Trump, Donald J.",2019-05-30,102898.47
C00580100,"Trump, Donald J.",2019-05-31,84431.03
C00580100,"Trump, Donald J.",2019-06-01,36876.94
C00580100,"Trump, Donald J.",2019-06-02,16745.64
C00580100,"Trump, Donald J.",2019-06-03,28954.5
C00580100,"Trump, Donald J.",2019-06-04,20301.69
C00580100,"Trump, Donald J.",2019-06-05,24994.33
C00580100,"Trump, Donald J.",2019-06-06,61546.58
C00580100,"Trump, Donald J.",2019-06-07,41636.2
C00580100,"Trump, Donald J.",2019-06-08,44309.3
C00580100,"Trump, Donald J.",2019-06-09,34761.64
C00580100,"Trump, Donald J.",2019-06-10,33387.33
C00580100,"Trump, Donald J.",2019-06-11,42411
C00580100,"Trump, Donald J.",2019-06-12,58991.61
C00580100,"Trump, Donald J.",2019-06-13,74412.87
C00580100,"Trump, Donald J.",2019-06-14,64138.98
C00580100,"Trump, Donald J.",2019-06-15,40292.21
C00580100,"Trump, Donald J.",2019-06-16,70868.57
C00580100,"Trump, Donald J.",2019-06-17,97995.53
C00580100,"Trump, Donald J.",2019-06-18,312605.63
C00580100,"Trump, Donald J.",2019-06-19,349005.84
C00580100,"Trump, Donald J.",2019-06-20,154354.12
C00580100,"Trump, Donald J.",2019-06-21,52408.45
C00580100,"Trump, Donald J.",2019-06-22,39014.33
C00580100,"Trump, Donald J.",2019-06-23,29558.91
C00580100,"Trump, Donald J.",2019-06-24,21311.91
C00580100,"Trump, Donald J.",2019-06-25,51682.2
C00580100,"Trump, Donald J.",2019-06-26,52723.99
C00580100,"Trump, Donald J.",2019-06-27,64884.67
C00580100,"Trump, Donald J.",2019-06-28,90190.88
C00580100,"Trump, Donald J.",2019-06-29,97110.28
C00580100,"Trump, Donald J.",2019-06-30,106724.13
C00693234,"Warren, Elizabeth",2019-04-01,60463.5
C00693234,"Warren, Elizabeth",2019-04-02,30348.16
C00693234,"Warren, Elizabeth",2019-04-03,33247.56
C00693234,"Warren, Elizabeth",2019-04-04,21415.9
C00693234,"Warren, Elizabeth",2019-04-05,19376.01
C00693234,"Warren, Elizabeth",2019-04-06,13995.09
C00693234,"Warren, Elizabeth",2019-04-07,12771.17
C00693234,"Warren, Elizabeth",2019-04-08,31345.26
C00693234,"Warren, Elizabeth",2019-04-09,34737.85
C00693234,"Warren, Elizabeth",2019-04-10,60070.14
C00693234,"Warren, Elizabeth",2019-04-11,60403.62
C00693234,"Warren, Elizabeth",2019-04-12,40590.3
C00693234,"Warren, Elizabeth",2019-04-13,19591.67
C00693234,"Warren, Elizabeth",2019-04-14,24663.37
C00693234,"Warren, Elizabeth",2019-04-15,29629.21
C00693234,"Warren, Elizabeth",2019-04-16,34979.08
C00693234,"Warren, Elizabeth",2019-04-17,50855.51
C00693234,"Warren, Elizabeth",2019-04-18,11895.01
C00693234,"Warren, Elizabeth",2019-04-19,104489.61
C00693234,"Warren, Elizabeth",2019-04-20,122150.69
C00693234,"Warren, Elizabeth",2019-04-21,54161.94
C00693234,"Warren, Elizabeth",2019-04-22,125472.38
C00693234,"Warren, Elizabeth",2019-04-23,72074.12
C00693234,"Warren, Elizabeth",2019-04-24,63516.56
C00693234,"Warren, Elizabeth",2019-04-25,85425.38
C00693234,"Warren, Elizabeth",2019-04-26,99070
C00693234,"Warren, Elizabeth",2019-04-27,69002.59
C00693234,"Warren, Elizabeth",2019-04-28,74776.15
C00693234,"Warren, Elizabeth",2019-04-29,86311.71
C00693234,"Warren, Elizabeth",2019-04-30,159916.51
C00693234,"Warren, Elizabeth",2019-05-01,51023.09
C00693234,"Warren, Elizabeth",2019-05-02,32286.7
C00693234,"Warren, Elizabeth",2019-05-03,40550.91
C00693234,"Warren, Elizabeth",2019-05-04,36277.22
C00693234,"Warren, Elizabeth",2019-05-05,29275.06
C00693234,"Warren, Elizabeth",2019-05-06,36370.27
C00693234,"Warren, Elizabeth",2019-05-07,71765.73
C00693234,"Warren, Elizabeth",2019-05-08,41928.32
C00693234,"Warren, Elizabeth",2019-05-09,24494.46
C00693234,"Warren, Elizabeth",2019-05-10,31030.66
C00693234,"Warren, Elizabeth",2019-05-11,46207.32
C00693234,"Warren, Elizabeth",2019-05-12,22536.32
C00693234,"Warren, Elizabeth",2019-05-13,38665.77
C00693234,"Warren, Elizabeth",2019-05-14,80707.8
C00693234,"Warren, Elizabeth",2019-05-15,83038.74
C00693234,"Warren, Elizabeth",2019-05-16,42646
C00693234,"Warren, Elizabeth",2019-05-17,41240.67
C00693234,"Warren, Elizabeth",2019-05-18,37283.7
C00693234,"Warren, Elizabeth",2019-05-19,25510.6
C00693234,"Warren, Elizabeth",2019-05-20,43575.98
C00693234,"Warren, Elizabeth",2019-05-21,52183.35
C00693234,"Warren, Elizabeth",2019-05-22,46127.33
C00693234,"Warren, Elizabeth",2019-05-23,37156.66
C00693234,"Warren, Elizabeth",2019-05-24,35416.8
C00693234,"Warren, Elizabeth",2019-05-25,32509.19
C00693234,"Warren, Elizabeth",2019-05-26,25447.43
C00693234,"Warren, Elizabeth",2019-05-27,25244.95
C00693234,"Warren, Elizabeth",2019-05-28,128751.41
C00693234,"Warren, Elizabeth",2019-05-29,122668.92
C00693234,"Warren, Elizabeth",2019-05-30,89145.7
C00693234,"Warren, Elizabeth",2019-05-31,123031.72
C00693234,"Warren, Elizabeth",2019-06-01,38582.46
C00693234,"Warren, Elizabeth",2019-06-02,26271.39
C00693234,"Warren, Elizabeth",2019-06-03,44015.34
C00693234,"Warren, Elizabeth",2019-06-04,49671.58
C00693234,"Warren, Elizabeth",2019-06-05,115919.67
C00693234,"Warren, Elizabeth",2019-06-06,107889.05
C00693234,"Warren, Elizabeth",2019-06-07,57810.23
C00693234,"Warren, Elizabeth",2019-06-08,30784.93
C00693234,"Warren, Elizabeth",2019-06-09,61604.88
C00693234,"Warren, Elizabeth",2019-06-10,116433.94
C00693234,"Warren, Elizabeth",2019-06-11,74297.88
C00693234,"Warren, Elizabeth",2019-06-12,70574.21
C00693234,"Warren, Elizabeth",2019-06-13,99667.78
C00693234,"Warren, Elizabeth",2019-06-14,87924
C00693234,"Warren, Elizabeth",2019-06-15,73992.71
C00693234,"Warren, Elizabeth",2019-06-16,47613.89
C00693234,"Warren, Elizabeth",2019-06-17,131582.92
C00693234,"Warren, Elizabeth",2019-06-18,97191.25
C00693234,"Warren, Elizabeth",2019-06-19,98352.29
C00693234,"Warren, Elizabeth",2019-06-20,95716.01
C00693234,"Warren, Elizabeth",2019-06-21,79269.78
C00693234,"Warren, Elizabeth",2019-06-22,77136.22
C00693234,"Warren, Elizabeth",2019-06-23,62799.56
C00693234,"Warren, Elizabeth",2019-06-24,132598.54
C00693234,"Warren, Elizabeth",2019-06-25,95882.24
C00693234,"Warren, Elizabeth",2019-06-26,175677.72
C00693234,"Warren, Elizabeth",2019-06-27,179702.08
C00693234,"Warren, Elizabeth",2019-06-28,209619.13
C00693234,"Warren, Elizabeth",2019-06-29,170103.41
C00693234,"Warren, Elizabeth",2019-06-30,385434.95
C00700906,"Weld, William F.",2019-04-25,181854
C00700906,"Weld, William F.",2019-05-07,2050
C00700906,"Weld, William F.",2019-05-08,250
C00700906,"Weld, William F.",2019-05-14,2500
C00700906,"Weld, William F.",2019-05-17,6300
C00700906,"Weld, William F.",2019-05-19,59025
C00700906,"Weld, William F.",2019-05-20,500
C00700906,"Weld, William F.",2019-05-21,100
C00700906,"Weld, William F.",2019-05-22,2750
C00700906,"Weld, William F.",2019-05-23,1750
C00700906,"Weld, William F.",2019-05-24,1400
C00700906,"Weld, William F.",2019-05-25,425
C00700906,"Weld, William F.",2019-05-26,4050
C00700906,"Weld, William F.",2019-05-27,3200
C00700906,"Weld, William F.",2019-05-28,500
C00700906,"Weld, William F.",2019-05-29,2100
C00700906,"Weld, William F.",2019-05-30,2350
C00700906,"Weld, William F.",2019-05-31,1000
C00700906,"Weld, William F.",2019-06-01,250
C00700906,"Weld, William F.",2019-06-02,1000
C00700906,"Weld, William F.",2019-06-04,1250
C00700906,"Weld, William F.",2019-06-05,1000
C00700906,"Weld, William F.",2019-06-06,500
C00700906,"Weld, William F.",2019-06-07,9900
C00700906,"Weld, William F.",2019-06-09,500
C00700906,"Weld, William F.",2019-06-10,330
C00700906,"Weld, William F.",2019-06-12,1600
C00700906,"Weld, William F.",2019-06-13,1500
C00700906,"Weld, William F.",2019-06-15,150
C00700906,"Weld, William F.",2019-06-16,600
C00700906,"Weld, William F.",2019-06-17,10501
C00700906,"Weld, William F.",2019-06-18,3050
C00700906,"Weld, William F.",2019-06-19,175
C00700906,"Weld, William F.",2019-06-20,9100
C00700906,"Weld, William F.",2019-06-21,525
C00700906,"Weld, William F.",2019-06-22,100
C00700906,"Weld, William F.",2019-06-24,2800
C00700906,"Weld, William F.",2019-06-25,64475
C00700906,"Weld, William F.",2019-06-26,450
C00700906,"Weld, William F.",2019-06-28,38830
C00700906,"Weld, William F.",2019-06-29,10300
C00700906,"Weld, William F.",2019-06-30,8961
C00696054,"Williamson, Marianne",2019-04-01,3475
C00696054,"Williamson, Marianne",2019-04-02,4634.67
C00696054,"Williamson, Marianne",2019-04-03,1189.77
C00696054,"Williamson, Marianne",2019-04-04,8152.17
C00696054,"Williamson, Marianne",2019-04-05,956.06
C00696054,"Williamson, Marianne",2019-04-06,3398.33
C00696054,"Williamson, Marianne",2019-04-07,6146
C00696054,"Williamson, Marianne",2019-04-08,1145
C00696054,"Williamson, Marianne",2019-04-09,3367
C00696054,"Williamson, Marianne",2019-04-10,1990
C00696054,"Williamson, Marianne",2019-04-11,2887
C00696054,"Williamson, Marianne",2019-04-12,3735.55
C00696054,"Williamson, Marianne",2019-04-13,1556
C00696054,"Williamson, Marianne",2019-04-14,4863.27
C00696054,"Williamson, Marianne",2019-04-15,6821.17
C00696054,"Williamson, Marianne",2019-04-16,3827
C00696054,"Williamson, Marianne",2019-04-17,1088
C00696054,"Williamson, Marianne",2019-04-18,2100
C00696054,"Williamson, Marianne",2019-04-19,-1664.9
C00696054,"Williamson, Marianne",2019-04-20,1960.59
C00696054,"Williamson, Marianne",2019-04-21,978.33
C00696054,"Williamson, Marianne",2019-04-22,1030.71
C00696054,"Williamson, Marianne",2019-04-23,1270.78
C00696054,"Williamson, Marianne",2019-04-24,1573.49
C00696054,"Williamson, Marianne",2019-04-25,6045.59
C00696054,"Williamson, Marianne",2019-04-26,351
C00696054,"Williamson, Marianne",2019-04-27,1194.99
C00696054,"Williamson, Marianne",2019-04-28,3373.84
C00696054,"Williamson, Marianne",2019-04-29,2538.77
C00696054,"Williamson, Marianne",2019-04-30,5295.49
C00696054,"Williamson, Marianne",2019-05-01,2273
C00696054,"Williamson, Marianne",2019-05-02,1132
C00696054,"Williamson, Marianne",2019-05-03,1450.06
C00696054,"Williamson, Marianne",2019-05-04,4297
C00696054,"Williamson, Marianne",2019-05-05,1011
C00696054,"Williamson, Marianne",2019-05-06,8849.33
C00696054,"Williamson, Marianne",2019-05-07,5987.78
C00696054,"Williamson, Marianne",2019-05-08,5398.16
C00696054,"Williamson, Marianne",2019-05-09,7742.68
C00696054,"Williamson, Marianne",2019-05-10,2006
C00696054,"Williamson, Marianne",2019-05-11,755.71
C00696054,"Williamson, Marianne",2019-05-12,1116.96
C00696054,"Williamson, Marianne",2019-05-13,3685.61
C00696054,"Williamson, Marianne",2019-05-14,8359
C00696054,"Williamson, Marianne",2019-05-15,5810
C00696054,"Williamson, Marianne",2019-05-16,5240
C00696054,"Williamson, Marianne",2019-05-17,2679.46
C00696054,"Williamson, Marianne",2019-05-18,11708
C00696054,"Williamson, Marianne",2019-05-19,12427.06
C00696054,"Williamson, Marianne",2019-05-20,6506.45
C00696054,"Williamson, Marianne",2019-05-21,6212.06
C00696054,"Williamson, Marianne",2019-05-22,2059
C00696054,"Williamson, Marianne",2019-05-23,7206.73
C00696054,"Williamson, Marianne",2019-05-24,5488
C00696054,"Williamson, Marianne",2019-05-25,4435
C00696054,"Williamson, Marianne",2019-05-26,1385
C00696054,"Williamson, Marianne",2019-05-27,7740.06
C00696054,"Williamson, Marianne",2019-05-28,2360
C00696054,"Williamson, Marianne",2019-05-29,805
C00696054,"Williamson, Marianne",2019-05-30,5015.54
C00696054,"Williamson, Marianne",2019-05-31,5092.13
C00696054,"Williamson, Marianne",2019-06-01,1900
C00696054,"Williamson, Marianne",2019-06-02,2707.77
C00696054,"Williamson, Marianne",2019-06-03,8556
C00696054,"Williamson, Marianne",2019-06-04,3425
C00696054,"Williamson, Marianne",2019-06-05,1342.36
C00696054,"Williamson, Marianne",2019-06-06,3739.04
C00696054,"Williamson, Marianne",2019-06-07,3710.77
C00696054,"Williamson, Marianne",2019-06-08,1640.57
C00696054,"Williamson, Marianne",2019-06-09,6661.93
C00696054,"Williamson, Marianne",2019-06-10,4237.4
C00696054,"Williamson, Marianne",2019-06-11,8237
C00696054,"Williamson, Marianne",2019-06-12,6758.92
C00696054,"Williamson, Marianne",2019-06-13,2227.98
C00696054,"Williamson, Marianne",2019-06-14,9365.77
C00696054,"Williamson, Marianne",2019-06-15,2375.48
C00696054,"Williamson, Marianne",2019-06-16,2868.22
C00696054,"Williamson, Marianne",2019-06-17,5395.7
C00696054,"Williamson, Marianne",2019-06-18,1874.77
C00696054,"Williamson, Marianne",2019-06-19,11888.54
C00696054,"Williamson, Marianne",2019-06-20,9227.41
C00696054,"Williamson, Marianne",2019-06-21,7203
C00696054,"Williamson, Marianne",2019-06-22,3648.98
C00696054,"Williamson, Marianne",2019-06-23,4831.99
C00696054,"Williamson, Marianne",2019-06-24,5008.03
C00696054,"Williamson, Marianne",2019-06-25,410
C00696054,"Williamson, Marianne",2019-06-26,2012.2
C00696054,"Williamson, Marianne",2019-06-27,7121
C00696054,"Williamson, Marianne",2019-06-28,9435.77
C00696054,"Williamson, Marianne",2019-06-29,23334.71
C00696054,"Williamson, Marianne",2019-06-30,37807.02
C00659938,"Yang, Andrew",2019-04-01,3218.9700000000003
C00659938,"Yang, Andrew",2019-04-02,316
C00659938,"Yang, Andrew",2019-04-03,1666.05
C00659938,"Yang, Andrew",2019-04-04,1580.76
C00659938,"Yang, Andrew",2019-04-05,2554.11
C00659938,"Yang, Andrew",2019-04-06,3343
C00659938,"Yang, Andrew",2019-04-07,4201
C00659938,"Yang, Andrew",2019-04-08,4436.35
C00659938,"Yang, Andrew",2019-04-09,6804.72
C00659938,"Yang, Andrew",2019-04-10,2187.7
C00659938,"Yang, Andrew",2019-04-11,1491.75
C00659938,"Yang, Andrew",2019-04-12,1203.1200000000001
C00659938,"Yang, Andrew",2019-04-13,825.55
C00659938,"Yang, Andrew",2019-04-14,10148.28
C00659938,"Yang, Andrew",2019-04-15,9632.36
C00659938,"Yang, Andrew",2019-04-16,7841.05
C00659938,"Yang, Andrew",2019-04-17,5944.22
C00659938,"Yang, Andrew",2019-04-18,2523.91
C00659938,"Yang, Andrew",2019-04-19,3444.39
C00659938,"Yang, Andrew",2019-04-20,3781.8
C00659938,"Yang, Andrew",2019-04-21,3837.81
C00659938,"Yang, Andrew",2019-04-22,2606.42
C00659938,"Yang, Andrew",2019-04-23,4661.14
C00659938,"Yang, Andrew",2019-04-24,850
C00659938,"Yang, Andrew",2019-04-25,3667.86
C00659938,"Yang, Andrew",2019-04-26,1964.8600000000001
C00659938,"Yang, Andrew",2019-04-27,1371
C00659938,"Yang, Andrew",2019-04-28,4107
C00659938,"Yang, Andrew",2019-04-29,2612.08
C00659938,"Yang, Andrew",2019-04-30,6122.07
C00659938,"Yang, Andrew",2019-05-01,3344.65
C00659938,"Yang, Andrew",2019-05-02,8122.03
C00659938,"Yang, Andrew",2019-05-03,3815.93
C00659938,"Yang, Andrew",2019-05-04,6530.4
C00659938,"Yang, Andrew",2019-05-05,1535
C00659938,"Yang, Andrew",2019-05-06,2597.35
C00659938,"Yang, Andrew",2019-05-07,5265.42
C00659938,"Yang, Andrew",2019-05-08,722.51
C00659938,"Yang, Andrew",2019-05-09,570.41
C00659938,"Yang, Andrew",2019-05-10,10565.75
C00659938,"Yang, Andrew",2019-05-11,6226.52
C00659938,"Yang, Andrew",2019-05-12,3785
C00659938,"Yang, Andrew",2019-05-13,4183.28
C00659938,"Yang, Andrew",2019-05-14,25367.1
C00659938,"Yang, Andrew",2019-05-15,28956.56
C00659938,"Yang, Andrew",2019-05-16,11586.84
C00659938,"Yang, Andrew",2019-05-17,3307.75
C00659938,"Yang, Andrew",2019-05-18,8523
C00659938,"Yang, Andrew",2019-05-19,2750.2
C00659938,"Yang, Andrew",2019-05-20,10869.79
C00659938,"Yang, Andrew",2019-05-21,12361.8
C00659938,"Yang, Andrew",2019-05-22,10043.47
C00659938,"Yang, Andrew",2019-05-23,11846.67
C00659938,"Yang, Andrew",2019-05-24,16814.41
C00659938,"Yang, Andrew",2019-05-25,7676.01
C00659938,"Yang, Andrew",2019-05-26,3458.64
C00659938,"Yang, Andrew",2019-05-27,9805.28
C00659938,"Yang, Andrew",2019-05-28,15545.26
C00659938,"Yang, Andrew",2019-05-29,13353.59
C00659938,"Yang, Andrew",2019-05-30,15895.07
C00659938,"Yang, Andrew",2019-05-31,12255.91
C00659938,"Yang, Andrew",2019-06-01,4855
C00659938,"Yang, Andrew",2019-06-02,5390.22
C00659938,"Yang, Andrew",2019-06-03,12078.83
C00659938,"Yang, Andrew",2019-06-04,25692.3
C00659938,"Yang, Andrew",2019-06-05,16553.27
C00659938,"Yang, Andrew",2019-06-06,10103.67
C00659938,"Yang, Andrew",2019-06-07,19866.61
C00659938,"Yang, Andrew",2019-06-08,11367.07
C00659938,"Yang, Andrew",2019-06-09,11295.32
C00659938,"Yang, Andrew",2019-06-10,15604.13
C00659938,"Yang, Andrew",2019-06-11,13003.43
C00659938,"Yang, Andrew",2019-06-12,16234.49
C00659938,"Yang, Andrew",2019-06-13,7291.38
C00659938,"Yang, Andrew",2019-06-14,4544.75
C00659938,"Yang, Andrew",2019-06-15,8483.13
C00659938,"Yang, Andrew",2019-06-16,15806.16
C00659938,"Yang, Andrew",2019-06-17,10656.73
C00659938,"Yang, Andrew",2019-06-18,1302.6299999999999
C00659938,"Yang, Andrew",2019-06-19,9211.95
C00659938,"Yang, Andrew",2019-06-20,12931.52
C00659938,"Yang, Andrew",2019-06-21,13842.87
C00659938,"Yang, Andrew",2019-06-22,8610.85
C00659938,"Yang, Andrew",2019-06-23,5158
C00659938,"Yang, Andrew",2019-06-24,12039.78
C00659938,"Yang, Andrew",2019-06-25,11863.15
C00659938,"Yang, Andrew",2019-06-26,11859.09
C00659938,"Yang, Andrew",2019-06-27,22414.33
C00659938,"Yang, Andrew",2019-06-28,51932.2
C00659938,"Yang, Andrew",2019-06-29,35001.47
C00659938,"Yang, Andrew",2019-06-30,46940.93
